日期,品牌ID,品牌名称,门店ID,门店名称,城市,平台,平台i,平台门店名称,GMV,商家实收,门店曝光量,门店访问量,门店下单量,无效订单,有效订单,曝光人数,进店人数,下单人数,cpc总费用,cpc曝光量,cpc访问量,商户补贴,平台补贴
2020-01-01,4636,蛙小辣火锅杯（总账号）,2001104355,宝山店,上海,eleme,饿了么,蛙小辣・美蛙火锅杯(宝山店),3545.74,1349.51,4427,355,58,1,57,4169,361,52,209,3280,212,1825,32
2020-01-01,4636,蛙小辣火锅杯（总账号）,8184590,五角场店,上海,meituan,美团,蛙小辣火锅杯（合生汇店）,2021.6,741.23,4172,324,39,3,36,4172,324,38,243.8,3660,194,1069,24
2020-01-01,4636,蛙小辣火锅杯（总账号）,305225345,龙阳广场店,上海,eleme,饿了么,蛙小辣火锅杯(龙阳广场店),1498.22,585.91,2377,168,25,1,24,2227,180,23,137.1,1618,97,762,148
2020-01-01,4636,蛙小辣火锅杯（总账号）,2000507076,五角场店,上海,eleme,饿了么,蛙小辣火锅杯(五角场店),2184.44,1114.05,2684,190,36,0,36,2685,194,33,44.06,545,40,811,49
2020-01-02,4636,蛙小辣火锅杯（总账号）,2001104355,宝山店,上海,eleme,饿了么,蛙小辣・美蛙火锅杯(宝山店),2878.18,1069.32,3419,257,50,0,50,3196,257,48,192.9,2519,155,1498,32
2020-01-02,4636,蛙小辣火锅杯（总账号）,8184590,五角场店,上海,meituan,美团,蛙小辣火锅杯（合生汇店）,2592,974.62,2599,238,44,1,43,2599,238,43,155.12,1683,104,1338,25
2020-01-02,4636,蛙小辣火锅杯（总账号）,305225345,龙阳广场店,上海,eleme,饿了么,蛙小辣火锅杯(龙阳广场店),1662.77,602.88,1476,118,30,0,30,1436,128,29,91.4,911,60,864,160
2020-01-02,4636,蛙小辣火锅杯（总账号）,2000507076,五角场店,上海,eleme,饿了么,蛙小辣火锅杯(五角场店),2225.1,1180.31,3071,226,31,0,31,2853,229,31,156,1699,107,780,55
2020-01-03,4636,蛙小辣火锅杯（总账号）,2001104355,宝山店,上海,eleme,饿了么,蛙小辣・美蛙火锅杯(宝山店),4093.26,1595.58,3587,303,66,1,65,3355,303,62,205.4,2745,193,2061,45
2020-01-03,4636,蛙小辣火锅杯（总账号）,305225345,龙阳广场店,上海,eleme,饿了么,蛙小辣火锅杯(龙阳广场店),1782.05,642.23,1541,134,32,0,32,1583,145,31,92.76,912,64,945,162
2020-01-03,4636,蛙小辣火锅杯（总账号）,2000507076,五角场店,上海,eleme,饿了么,蛙小辣火锅杯(五角场店),3455.42,1607.79,3844,287,57,0,57,3587,290,56,198.41,2125,140,1460,62
2020-01-04,4636,蛙小辣火锅杯（总账号）,2001104355,宝山店,上海,eleme,饿了么,蛙小辣・美蛙火锅杯(宝山店),4058.06,1573.61,3846,339,65,0,65,3551,339,57,205.44,2813,182,2066,41
2020-01-04,4636,蛙小辣火锅杯（总账号）,8184590,五角场店,上海,meituan,美团,蛙小辣火锅杯（合生汇店）,2130.38,870.73,2779,213,32,0,32,2779,213,32,100,1738,89,1017,27
2020-01-04,4636,蛙小辣火锅杯（总账号）,305225345,龙阳广场店,上海,eleme,饿了么,蛙小辣火锅杯(龙阳广场店),1531,614.58,2251,136,26,0,26,2115,137,25,79.77,810,50,751,181
2020-01-04,4636,蛙小辣火锅杯（总账号）,2000507076,五角场店,上海,eleme,饿了么,蛙小辣火锅杯(五角场店),2473.82,1157.83,3663,263,36,0,36,3460,264,35,168.17,2231,131,1045,85
2020-01-05,4636,蛙小辣火锅杯（总账号）,2001104355,宝山店,上海,eleme,饿了么,蛙小辣・美蛙火锅杯(宝山店),3576.58,1368.12,3689,328,60,0,60,3418,335,58,200.44,2793,198,1819,49
2020-01-05,4636,蛙小辣火锅杯（总账号）,2000507076,五角场店,上海,eleme,饿了么,蛙小辣火锅杯(五角场店),2625.38,1139.24,2774,179,44,1,43,2689,189,42,51.79,417,29,1235,54
2020-01-06,4636,蛙小辣火锅杯（总账号）,2001104355,宝山店,上海,eleme,饿了么,蛙小辣・美蛙火锅杯(宝山店),2265.82,843.54,3157,239,39,0,39,2908,237,38,189.29,2337,141,1181,32
2020-01-06,4636,蛙小辣火锅杯（总账号）,2000507076,五角场店,上海,eleme,饿了么,蛙小辣火锅杯(五角场店),2397.2,909.82,2269,135,45,0,45,2210,143,44,0,1,0,1221,57
2020-01-07,4636,蛙小辣火锅杯（总账号）,2001104355,宝山店,上海,eleme,饿了么,蛙小辣・美蛙火锅杯(宝山店),3662.26,1466.4,2999,243,58,0,58,2999,243,56,146.68,1855,123,1867,31
2020-01-08,4636,蛙小辣火锅杯（总账号）,2001104355,宝山店,上海,eleme,饿了么,蛙小辣・美蛙火锅杯(宝山店),3299.56,1223.62,2549,230,56,0,56,2549,230,53,134.51,1896,113,1729,45
2020-01-09,4636,蛙小辣火锅杯（总账号）,2001104355,宝山店,上海,eleme,饿了么,蛙小辣・美蛙火锅杯(宝山店),2757.22,986.41,2679,231,47,0,47,2679,231,46,130.76,0,125,1478,25
2020-01-10,4636,蛙小辣火锅杯（总账号）,2001104355,宝山店,上海,eleme,饿了么,蛙小辣・美蛙火锅杯(宝山店),3332.6,1245.54,2939,274,57,2,55,2939,274,53,130.24,2005,130,1733,41
2020-01-30,4636,蛙小辣火锅杯（总账号）,2001104355,宝山店,上海,eleme,饿了么,蛙小辣・美蛙火锅杯(宝山店),2059.71,953.51,2922,253,27,0,27,2922,253,25,81.2,0,74,878,34
2020-02-09,4636,蛙小辣火锅杯（总账号）,2001104355,宝山店,上海,eleme,饿了么,蛙小辣・美蛙火锅杯(宝山店),1317.5,633.09,2234,173,17,0,17,2234,173,17,47.2,786,68,531,25
2020-02-10,4636,蛙小辣火锅杯（总账号）,2001104355,宝山店,上海,eleme,饿了么,蛙小辣・美蛙火锅杯(宝山店),1654.01,673.11,2370,175,24,0,24,2370,175,23,46.1,740,54,812,16
2020-02-11,4636,蛙小辣火锅杯（总账号）,2001104355,宝山店,上海,eleme,饿了么,蛙小辣・美蛙火锅杯(宝山店),1167.76,455.59,2439,185,16,0,16,2439,185,14,48.8,822,55,604,67
2020-02-12,4636,蛙小辣火锅杯（总账号）,2001104355,宝山店,上海,eleme,饿了么,蛙小辣・美蛙火锅杯(宝山店),1908.22,808.1,2323,186,26,0,26,2323,186,23,49.6,878,67,906,161
2020-02-13,4636,蛙小辣火锅杯（总账号）,2001104355,宝山店,上海,eleme,饿了么,蛙小辣・美蛙火锅杯(宝山店),1278.08,553.17,2372,181,17,0,17,2372,181,15,49.1,1039,80,591,109
2020-02-14,4636,蛙小辣火锅杯（总账号）,2001104355,宝山店,上海,eleme,饿了么,蛙小辣・美蛙火锅杯(宝山店),1738.06,755.48,2843,224,22,0,22,2843,224,18,49.6,1090,81,803,137
2020-02-15,4636,蛙小辣火锅杯（总账号）,2001104355,宝山店,上海,eleme,饿了么,蛙小辣・美蛙火锅杯(宝山店),1316.57,524.51,3154,260,19,0,19,3154,260,18,50,1079,66,662,115
2020-02-16,4636,蛙小辣火锅杯（总账号）,2001104355,宝山店,上海,eleme,饿了么,蛙小辣・美蛙火锅杯(宝山店),1915.36,792.95,2483,204,26,0,26,2483,204,23,48.62,1142,76,929,158
2020-02-17,4636,蛙小辣火锅杯（总账号）,2001104355,宝山店,上海,eleme,饿了么,蛙小辣・美蛙火锅杯(宝山店),1006.99,419.69,1356,107,14,0,14,1356,107,14,10.51,101,13,483,85
2020-02-18,4636,蛙小辣火锅杯（总账号）,2001104355,宝山店,上海,eleme,饿了么,蛙小辣・美蛙火锅杯(宝山店),1384.55,584.82,1537,137,19,0,19,1537,137,18,29.67,524,51,657,106
2020-02-19,4636,蛙小辣火锅杯（总账号）,2001104355,宝山店,上海,eleme,饿了么,蛙小辣・美蛙火锅杯(宝山店),1112.52,454.74,1579,145,17,1,16,1579,145,15,29.9,550,49,549,89
2020-02-20,4636,蛙小辣火锅杯（总账号）,2001104355,宝山店,上海,eleme,饿了么,蛙小辣・美蛙火锅杯(宝山店),1513.37,663.99,1688,147,20,0,20,1688,147,20,29.6,558,51,689,131
2020-02-21,4636,蛙小辣火锅杯（总账号）,2001104355,宝山店,上海,eleme,饿了么,蛙小辣・美蛙火锅杯(宝山店),1825.26,816.25,1756,155,24,1,23,1756,155,21,29.8,490,51,821,165
2020-02-22,4636,蛙小辣火锅杯（总账号）,2001104355,宝山店,上海,eleme,饿了么,蛙小辣・美蛙火锅杯(宝山店),984.56,396.86,1832,172,14,0,14,1832,172,13,29.97,640,51,488,20
2020-02-23,4636,蛙小辣火锅杯（总账号）,2001104355,宝山店,上海,eleme,饿了么,蛙小辣・美蛙火锅杯(宝山店),758.35,306.65,1568,126,11,0,11,1568,126,11,30,537,54,378,19
2020-02-24,4636,蛙小辣火锅杯（总账号）,2001104355,宝山店,上海,eleme,饿了么,蛙小辣・美蛙火锅杯(宝山店),1135.14,463.55,1479,152,17,0,17,1479,152,17,29.9,553,52,553,16
2020-02-25,4636,蛙小辣火锅杯（总账号）,2001104355,宝山店,上海,eleme,饿了么,蛙小辣・美蛙火锅杯(宝山店),1370.68,553.47,2218,177,20,0,20,2218,177,20,48.1,874,76,684,20
2020-02-26,4636,蛙小辣火锅杯（总账号）,2001104355,宝山店,上海,eleme,饿了么,蛙小辣・美蛙火锅杯(宝山店),2294.79,989.24,2432,223,32,0,32,2432,223,31,49.5,859,71,1057,31
2020-02-27,4636,蛙小辣火锅杯（总账号）,2001104355,宝山店,上海,eleme,饿了么,蛙小辣・美蛙火锅杯(宝山店),1708.47,747.47,2174,184,22,0,22,2174,184,21,48.3,769,73,779,20
2020-02-28,4636,蛙小辣火锅杯（总账号）,2001104355,宝山店,上海,eleme,饿了么,蛙小辣・美蛙火锅杯(宝山店),1470.49,616.08,2311,178,22,0,22,2311,178,19,48.6,975,75,695,14
2020-02-28,4636,蛙小辣火锅杯（总账号）,8106681,怒江路店,上海,meituan,美团,蛙小辣・美蛙火锅杯（长风大悦城店）,1433.74,600.1,1193,119,23,0,23,1193,119,22,38.3,732,50,689,153
2020-02-29,4636,蛙小辣火锅杯（总账号）,2001104355,宝山店,上海,eleme,饿了么,蛙小辣・美蛙火锅杯(宝山店),1216.36,557.37,2389,204,14,0,14,2389,204,14,50,888,75,532,13
2020-02-29,4636,蛙小辣火锅杯（总账号）,8106681,怒江路店,上海,meituan,美团,蛙小辣・美蛙火锅杯（长风大悦城店）,1244.88,605.17,1016,77,18,1,17,1016,77,17,11.7,144,10,503,89
2020-03-01,4636,蛙小辣火锅杯（总账号）,2001104355,宝山店,上海,eleme,饿了么,蛙小辣・美蛙火锅杯(宝山店),1798.82,700.31,2334,180,29,0,29,2334,180,24,45.73,1077,67,913,29
2020-03-01,4636,蛙小辣火锅杯（总账号）,8106681,怒江路店,上海,meituan,美团,蛙小辣・美蛙火锅杯（长风大悦城店）,930.74,399.59,1135,98,15,0,15,1135,98,15,48.72,805,50,441,81
2020-03-02,4636,蛙小辣火锅杯（总账号）,2001104355,宝山店,上海,eleme,饿了么,蛙小辣・美蛙火锅杯(宝山店),1687.17,687.28,1573,147,25,0,25,1573,147,23,47.79,734,77,824,22
2020-03-02,4636,蛙小辣火锅杯（总账号）,8106681,怒江路店,上海,meituan,美团,蛙小辣・美蛙火锅杯（长风大悦城店）,704.21,292.77,845,73,12,0,12,845,73,12,1.28,7,2,342,66
2020-03-03,4636,蛙小辣火锅杯（总账号）,2001104355,宝山店,上海,eleme,饿了么,蛙小辣・美蛙火锅杯(宝山店),2072.36,808.72,1344,135,30,1,29,1344,135,28,46.3,683,63,1054,27
2020-03-04,4636,蛙小辣火锅杯（总账号）,2001104355,宝山店,上海,eleme,饿了么,蛙小辣・美蛙火锅杯(宝山店),1401.49,531.23,1566,137,21,0,21,1566,137,21,46.89,662,57,735,32
2020-03-05,4636,蛙小辣火锅杯（总账号）,2001104355,宝山店,上海,eleme,饿了么,蛙小辣・美蛙火锅杯(宝山店),1085,411.25,1541,137,17,0,17,1541,137,17,48,522,55,561,18
2020-03-06,4636,蛙小辣火锅杯（总账号）,2001104355,宝山店,上海,eleme,饿了么,蛙小辣・美蛙火锅杯(宝山店),1739.49,669.5,1571,148,25,0,25,1571,148,22,41,672,49,887,28
2020-03-06,4636,蛙小辣火锅杯（总账号）,8491999,宝山店,上海,meituan,美团,蛙小辣火锅杯（宝山店）,723.57,325.48,1274,114,11,0,11,1274,114,9,46.6,972,66,322,49
2020-03-07,4636,蛙小辣火锅杯（总账号）,2001104355,宝山店,上海,eleme,饿了么,蛙小辣・美蛙火锅杯(宝山店),1221.93,446.19,1632,129,18,0,18,1632,129,17,44.5,652,50,658,16
2020-03-07,4636,蛙小辣火锅杯（总账号）,8491999,宝山店,上海,meituan,美团,蛙小辣火锅杯（宝山店）,545.27,232.67,1265,111,9,0,9,1265,111,9,26.09,855,59,256,36
2020-03-08,4636,蛙小辣火锅杯（总账号）,2001104355,宝山店,上海,eleme,饿了么,蛙小辣・美蛙火锅杯(宝山店),1013.08,321.76,1463,135,18,0,18,1463,135,18,44.4,588,48,591,24
2020-03-08,4636,蛙小辣火锅杯（总账号）,8491999,宝山店,上海,meituan,美团,蛙小辣火锅杯（宝山店）,639.2,285.77,1224,114,12,0,12,1224,114,12,50,912,64,284,55
2020-03-09,4636,蛙小辣火锅杯（总账号）,2001104355,宝山店,上海,eleme,饿了么,蛙小辣・美蛙火锅杯(宝山店),1227.58,434.38,1325,108,19,0,19,1325,108,17,41.7,514,46,670,25
2020-03-09,4636,蛙小辣火锅杯（总账号）,8491999,宝山店,上海,meituan,美团,蛙小辣火锅杯（宝山店）,448.37,186.2,1224,98,7,0,7,1224,98,7,47.08,1014,61,217,26
2020-03-09,4636,蛙小辣火锅杯（总账号）,8184590,五角场店,上海,meituan,美团,蛙小辣火锅杯（五角场店）,883.53,291.23,633,54,15,0,15,633,54,15,23.6,313,23,501,16
2020-03-09,4636,蛙小辣火锅杯（总账号）,2000507076,五角场店,上海,eleme,饿了么,蛙小辣火锅杯(五角场店),601.7,198.36,1546,101,9,0,9,1546,101,9,40.5,473,42,345,36
2020-03-10,4636,蛙小辣火锅杯（总账号）,2001104355,宝山店,上海,eleme,饿了么,蛙小辣・美蛙火锅杯(宝山店),1021.94,346.99,1392,93,17,0,17,1392,93,17,43.7,595,41,571,20
2020-03-10,4636,蛙小辣火锅杯（总账号）,8491999,宝山店,上海,meituan,美团,蛙小辣火锅杯（宝山店）,384.1,159.97,1021,100,6,0,6,1021,100,5,15.98,775,59,185,29
2020-03-10,4636,蛙小辣火锅杯（总账号）,8184590,五角场店,上海,meituan,美团,蛙小辣火锅杯（五角场店）,1112.56,366.14,808,61,19,0,19,808,61,19,38.74,507,33,635,45
2020-03-10,4636,蛙小辣火锅杯（总账号）,2000507076,五角场店,上海,eleme,饿了么,蛙小辣火锅杯(五角场店),1367.21,419.6,1171,93,24,0,24,1171,93,22,32.7,389,32,810,57
2020-03-11,4636,蛙小辣火锅杯（总账号）,2001104355,宝山店,上海,eleme,饿了么,蛙小辣・美蛙火锅杯(宝山店),894.03,348.98,1265,100,13,0,13,1265,100,12,44.7,468,42,455,19
2020-03-11,4636,蛙小辣火锅杯（总账号）,8491999,宝山店,上海,meituan,美团,蛙小辣火锅杯（宝山店）,388.73,131.76,701,60,7,0,7,701,60,7,14.25,193,19,218,22
2020-03-11,4636,蛙小辣火锅杯（总账号）,2000507076,五角场店,上海,eleme,饿了么,蛙小辣火锅杯(五角场店),1377.74,486.9,911,85,23,1,22,911,85,22,26.74,138,25,760,63
2020-03-11,4636,蛙小辣火锅杯（总账号）,8184590,五角场店,上海,meituan,美团,蛙小辣火锅杯（五角场店）,968.82,302.12,837,82,19,1,18,837,82,18,37.66,447,34,557,55
2020-03-12,4636,蛙小辣火锅杯（总账号）,2001104355,宝山店,上海,eleme,饿了么,蛙小辣・美蛙火锅杯(宝山店),2567,1184.02,1322,105,32,0,32,1322,105,30,41.28,431,41,1100,36
2020-03-12,4636,蛙小辣火锅杯（总账号）,8491999,宝山店,上海,meituan,美团,蛙小辣火锅杯（宝山店）,640.04,256.65,764,70,11,0,11,764,70,10,20,429,34,312,50
2020-03-13,4636,蛙小辣火锅杯（总账号）,2001104355,宝山店,上海,eleme,饿了么,蛙小辣・美蛙火锅杯(宝山店),1581.86,589.51,1843,158,27,1,26,1843,158,26,46.6,463,43,829,25
2020-03-13,4636,蛙小辣火锅杯（总账号）,8491999,宝山店,上海,meituan,美团,蛙小辣火锅杯（宝山店）,583.72,226.66,1074,96,9,0,9,1074,96,9,46.91,792,58,303,58
2020-03-14,4636,蛙小辣火锅杯（总账号）,2001104355,宝山店,上海,eleme,饿了么,蛙小辣・美蛙火锅杯(宝山店),1449.58,568.53,1847,141,22,0,22,1847,141,18,46.7,453,40,735,34
2020-03-14,4636,蛙小辣火锅杯（总账号）,8491999,宝山店,上海,meituan,美团,蛙小辣火锅杯（宝山店）,815.11,339.7,821,84,12,0,12,821,84,12,20.86,480,27,388,56
2020-03-15,4636,蛙小辣火锅杯（总账号）,2001104355,宝山店,上海,eleme,饿了么,蛙小辣・美蛙火锅杯(宝山店),529.41,207.56,1417,106,8,0,8,1417,106,8,44.66,466,40,269,7
2020-03-15,4636,蛙小辣火锅杯（总账号）,8491999,宝山店,上海,meituan,美团,蛙小辣火锅杯（宝山店）,742.35,263.44,1051,75,13,0,13,1051,75,12,44.63,947,46,405,64
2020-03-16,4636,蛙小辣火锅杯（总账号）,2001104355,宝山店,上海,eleme,饿了么,蛙小辣・美蛙火锅杯(宝山店),1595.19,624.96,978,89,24,0,24,978,89,22,45.11,399,42,810,32
2020-03-16,4636,蛙小辣火锅杯（总账号）,8491999,宝山店,上海,meituan,美团,蛙小辣火锅杯（宝山店）,868.91,363.86,835,78,13,0,13,835,78,13,39.22,671,41,421,57
2020-03-17,4636,蛙小辣火锅杯（总账号）,2001104355,宝山店,上海,eleme,饿了么,蛙小辣・美蛙火锅杯(宝山店),596.26,204.92,1010,73,10,0,10,1010,73,9,40,434,33,331,11
2020-03-17,4636,蛙小辣火锅杯（总账号）,8491999,宝山店,上海,meituan,美团,蛙小辣火锅杯（宝山店）,522.53,199.07,939,74,8,0,8,939,74,8,38.87,676,40,274,33
2020-03-18,4636,蛙小辣火锅杯（总账号）,2001104355,宝山店,上海,eleme,饿了么,蛙小辣・美蛙火锅杯(宝山店),1703.44,625.35,1132,93,25,0,25,1132,93,25,41.28,378,37,910,18
2020-03-18,4636,蛙小辣火锅杯（总账号）,8491999,宝山店,上海,meituan,美团,蛙小辣火锅杯（宝山店）,402.23,153.73,802,69,6,0,6,802,69,6,40.37,448,40,209,18
2020-03-19,4636,蛙小辣火锅杯（总账号）,2001104355,宝山店,上海,eleme,饿了么,蛙小辣・美蛙火锅杯(宝山店),1749.35,631.55,1076,99,27,1,26,1076,99,27,38.6,340,34,949,29
2020-03-19,4636,蛙小辣火锅杯（总账号）,8491999,宝山店,上海,meituan,美团,蛙小辣火锅杯（宝山店）,596.31,232.66,1935,123,10,0,10,1935,123,10,27.04,501,27,307,58
2020-03-20,4636,蛙小辣火锅杯（总账号）,2001104355,宝山店,上海,eleme,饿了么,蛙小辣・美蛙火锅杯(宝山店),1458.53,517.61,1135,78,22,0,22,1135,78,19,27.66,350,25,803,19
2020-03-20,4636,蛙小辣火锅杯（总账号）,8491999,宝山店,上海,meituan,美团,蛙小辣火锅杯（宝山店）,849.38,327.01,1961,130,15,0,15,1961,130,15,22.1,559,21,438,88
2020-03-20,4636,蛙小辣火锅杯（总账号）,8184590,五角场店,上海,meituan,美团,蛙小辣火锅杯（五角场店）,837.26,249.13,1085,73,14,0,14,1085,73,13,48.81,414,32,506,49
2020-03-20,4636,蛙小辣火锅杯（总账号）,2000507076,五角场店,上海,eleme,饿了么,蛙小辣火锅杯(五角场店),706.88,235.83,1044,66,12,0,12,1044,66,11,41.9,506,29,403,29
2020-03-21,4636,蛙小辣火锅杯（总账号）,2001104355,宝山店,上海,eleme,饿了么,蛙小辣・美蛙火锅杯(宝山店),1293.56,524.39,1783,108,18,0,18,1783,108,16,32.17,341,28,628,29
2020-03-21,4636,蛙小辣火锅杯（总账号）,2000507076,五角场店,上海,eleme,饿了么,蛙小辣火锅杯(五角场店),1366.3,509.43,1239,73,19,0,19,1239,73,18,26.7,343,21,732,47
2020-03-21,4636,蛙小辣火锅杯（总账号）,8184590,五角场店,上海,meituan,美团,蛙小辣火锅杯（五角场店）,299.62,76.35,916,54,6,0,6,916,54,6,17.92,258,15,190,26
2020-03-22,4636,蛙小辣火锅杯（总账号）,2001104355,宝山店,上海,eleme,饿了么,蛙小辣・美蛙火锅杯(宝山店),1462.61,495.64,1833,124,24,0,24,1833,124,22,35.4,404,30,820,52
2020-03-22,4636,蛙小辣火锅杯（总账号）,8184590,五角场店,上海,meituan,美团,蛙小辣火锅杯（五角场店）,561.78,221,790,47,10,1,9,790,47,9,13.25,183,13,284,33
2020-03-22,4636,蛙小辣火锅杯（总账号）,2000507076,五角场店,上海,eleme,饿了么,蛙小辣火锅杯(五角场店),940.11,340.42,928,49,14,0,14,928,49,13,15.4,229,13,509,41
2020-03-23,4636,蛙小辣火锅杯（总账号）,2001104355,宝山店,上海,eleme,饿了么,蛙小辣・美蛙火锅杯(宝山店),958.69,323.03,1425,99,16,0,16,1425,99,15,29.39,281,25,541,30
2020-03-23,4636,蛙小辣火锅杯（总账号）,8491999,宝山店,上海,meituan,美团,蛙小辣火锅杯（宝山店）,414.71,155.24,806,60,7,0,7,806,60,7,31.06,521,29,221,35
2020-03-23,4636,蛙小辣火锅杯（总账号）,8184590,五角场店,上海,meituan,美团,蛙小辣火锅杯（五角场店）,823.99,298.6,1689,68,14,0,14,1689,68,13,39.32,331,26,441,36
2020-03-23,4636,蛙小辣火锅杯（总账号）,2000507076,五角场店,上海,eleme,饿了么,蛙小辣火锅杯(五角场店),1045.28,411.35,930,59,15,0,15,930,59,14,22.8,267,16,523,23
2020-03-24,4636,蛙小辣火锅杯（总账号）,2001104355,宝山店,上海,eleme,饿了么,蛙小辣・美蛙火锅杯(宝山店),1337.57,467.26,1366,105,21,0,21,1366,105,21,21.13,281,18,738,36
2020-03-24,4636,蛙小辣火锅杯（总账号）,8491999,宝山店,上海,meituan,美团,蛙小辣火锅杯（宝山店）,535.13,197.66,820,74,10,0,10,820,74,10,39.3,658,37,282,52
2020-03-24,4636,蛙小辣火锅杯（总账号）,8184590,五角场店,上海,meituan,美团,蛙小辣火锅杯（五角场店）,842.06,277.11,1377,74,12,0,12,1377,74,12,43.4,327,26,489,40
2020-03-24,4636,蛙小辣火锅杯（总账号）,2000507076,五角场店,上海,eleme,饿了么,蛙小辣火锅杯(五角场店),1096.11,379.32,900,57,19,1,18,900,57,17,26.23,275,19,613,64
2020-03-25,4636,蛙小辣火锅杯（总账号）,2001104355,宝山店,上海,eleme,饿了么,蛙小辣・美蛙火锅杯(宝山店),1198.9,386.19,1622,114,21,0,21,1622,114,20,44.7,511,37,687,51
2020-03-25,4636,蛙小辣火锅杯（总账号）,8491999,宝山店,上海,meituan,美团,蛙小辣火锅杯（宝山店）,495.56,179.71,787,52,9,0,9,787,52,9,35.19,528,29,266,43
2020-03-25,4636,蛙小辣火锅杯（总账号）,8184590,五角场店,上海,meituan,美团,蛙小辣火锅杯（五角场店）,588.06,201.38,774,35,10,0,10,774,35,10,5.81,56,6,328,24
2020-03-25,4636,蛙小辣火锅杯（总账号）,2000507076,五角场店,上海,eleme,饿了么,蛙小辣火锅杯(五角场店),644.99,213.41,802,57,11,0,11,802,57,11,14.32,126,12,371,31
2020-03-26,4636,蛙小辣火锅杯（总账号）,2001104355,宝山店,上海,eleme,饿了么,蛙小辣・美蛙火锅杯(宝山店),1117.31,417.47,1924,132,17,0,17,1924,132,15,46.39,538,36,587,24
2020-03-26,4636,蛙小辣火锅杯（总账号）,8491999,宝山店,上海,meituan,美团,蛙小辣火锅杯（宝山店）,721.7,313.35,969,89,11,0,11,969,89,10,60,848,50,334,47
2020-03-26,4636,蛙小辣火锅杯（总账号）,2000507076,五角场店,上海,eleme,饿了么,蛙小辣火锅杯(五角场店),1385.08,489.67,983,80,22,1,21,983,80,21,25.2,326,20,759,64
2020-03-27,4636,蛙小辣火锅杯（总账号）,2001104355,宝山店,上海,eleme,饿了么,蛙小辣・美蛙火锅杯(宝山店),1220.96,476.12,1731,123,18,1,17,1731,123,17,36.1,522,29,629,40
2020-03-27,4636,蛙小辣火锅杯（总账号）,8491999,宝山店,上海,meituan,美团,蛙小辣火锅杯（宝山店）,772.45,308.24,2176,158,13,0,13,2176,158,12,20.57,286,17,389,53
2020-03-27,4636,蛙小辣火锅杯（总账号）,2000507076,五角场店,上海,eleme,饿了么,蛙小辣火锅杯(五角场店),1478.17,570.27,947,71,24,1,23,947,71,22,20.77,179,19,760,67
2020-03-28,4636,蛙小辣火锅杯（总账号）,2001104355,宝山店,上海,eleme,饿了么,蛙小辣・美蛙火锅杯(宝山店),1779.61,707.35,1803,145,24,0,24,1803,145,23,44.8,534,38,878,36
2020-03-28,4636,蛙小辣火锅杯（总账号）,8491999,宝山店,上海,meituan,美团,蛙小辣火锅杯（宝山店）,1220.95,577.14,2090,155,20,0,20,2090,155,20,18.38,484,20,626,90
2020-03-28,4636,蛙小辣火锅杯（总账号）,2000507076,五角场店,上海,eleme,饿了么,蛙小辣火锅杯麻辣烫(五角场店),784.71,263.39,943,48,12,0,12,943,48,11,5.8,43,5,451,45
2020-03-29,4636,蛙小辣火锅杯（总账号）,2001104355,宝山店,上海,eleme,饿了么,蛙小辣・美蛙火锅杯(宝山店),1120.27,371.76,2100,146,18,0,18,2100,146,15,59.97,962,47,642,19
2020-03-29,4636,蛙小辣火锅杯（总账号）,8491999,宝山店,上海,meituan,美团,蛙小辣火锅杯（宝山店）,1459.54,599.44,1790,104,22,0,22,1790,104,21,1.3,38,1,712,98
2020-03-29,4636,蛙小辣火锅杯（总账号）,2000507076,五角场店,上海,eleme,饿了么,蛙小辣火锅杯(五角场店),1389.11,519.22,1274,86,19,0,19,1274,86,19,0.94,4,1,745,67
2020-03-30,4636,蛙小辣火锅杯（总账号）,8491999,宝山店,上海,meituan,美团,蛙小辣火锅杯（宝山店）,865.17,379.93,1019,71,13,0,13,1019,71,13,59.84,860,45,389,36
2020-03-31,4636,蛙小辣火锅杯（总账号）,8491999,宝山店,上海,meituan,美团,蛙小辣火锅杯（宝山店）,521.65,218.69,886,58,7,0,7,886,58,7,44.52,650,34,250,25
2020-04-01,4636,蛙小辣火锅杯（总账号）,2001104355,宝山店,上海,eleme,饿了么,蛙小辣・美蛙火锅杯(宝山店),942.11,326.95,1318,72,15,0,15,1318,72,14,39.96,592,30,525,14
2020-04-01,4636,蛙小辣火锅杯（总账号）,8491999,宝山店,上海,meituan,美团,蛙小辣火锅杯（宝山店）,626.38,243.39,1079,74,11,0,11,1079,74,11,37.24,351,26,320,47
2020-04-02,4636,蛙小辣火锅杯（总账号）,2001104355,宝山店,上海,eleme,饿了么,蛙小辣・美蛙火锅杯(宝山店),1738.67,634.51,1418,105,29,3,26,1418,105,23,48,549,38,934,34
2020-04-02,4636,蛙小辣火锅杯（总账号）,8491999,宝山店,上海,meituan,美团,蛙小辣火锅杯（宝山店）,942.31,385.67,1337,87,16,0,16,1337,87,16,46.08,757,35,466,44
2020-04-02,4636,蛙小辣火锅杯（总账号）,2000507076,五角场店,上海,eleme,饿了么,蛙小辣火锅杯(五角场店),1139.16,402.64,1127,69,16,0,16,1127,69,15,40.2,490,30,630,46
2020-04-02,4636,蛙小辣火锅杯（总账号）,8184590,五角场店,上海,meituan,美团,蛙小辣火锅杯（五角场店）,722.17,278.22,2305,74,10,0,10,2305,74,10,32.16,263,17,366,8
2020-04-03,4636,蛙小辣火锅杯（总账号）,2001104355,宝山店,上海,eleme,饿了么,蛙小辣・美蛙火锅杯(宝山店),613.71,199.19,1223,98,9,0,9,1223,98,9,40.5,467,36,360,10
2020-04-03,4636,蛙小辣火锅杯（总账号）,8491999,宝山店,上海,meituan,美团,蛙小辣火锅杯（宝山店）,699.07,263.38,1879,84,11,0,11,1879,84,11,48.48,657,35,369,47
2020-04-03,4636,蛙小辣火锅杯（总账号）,2000507076,五角场店,上海,eleme,饿了么,蛙小辣火锅杯(五角场店),1142.86,373.97,882,57,19,0,19,882,57,19,18.24,208,16,658,63
2020-04-04,4636,蛙小辣火锅杯（总账号）,2001104355,宝山店,上海,eleme,饿了么,蛙小辣・美蛙火锅杯(宝山店),1096.04,385.3,1563,127,15,0,15,1563,127,15,44.5,407,40,615,15
2020-04-04,4636,蛙小辣火锅杯（总账号）,8491999,宝山店,上海,meituan,美团,蛙小辣火锅杯（宝山店）,867.68,269.83,1365,93,15,0,15,1365,93,14,50,696,36,521,70
2020-04-04,4636,蛙小辣火锅杯（总账号）,2000507076,五角场店,上海,eleme,饿了么,蛙小辣火锅杯(五角场店),912.99,315.55,718,41,14,0,14,718,41,14,4.6,115,5,510,28
2020-04-05,4636,蛙小辣火锅杯（总账号）,2001104355,宝山店,上海,eleme,饿了么,蛙小辣・美蛙火锅杯(宝山店),1093.71,370.53,1553,105,16,0,16,1553,105,16,47.4,676,37,625,12
2020-04-05,4636,蛙小辣火锅杯（总账号）,8491999,宝山店,上海,meituan,美团,蛙小辣火锅杯（宝山店）,649.5,216.21,1459,71,10,0,10,1459,71,10,50,619,40,376,59
2020-04-05,4636,蛙小辣火锅杯（总账号）,2000507076,五角场店,上海,eleme,饿了么,蛙小辣火锅杯(五角场店),605.23,183.1,931,60,10,0,10,931,60,10,21.7,211,18,367,35
2020-04-06,4636,蛙小辣火锅杯（总账号）,2001104355,宝山店,上海,eleme,饿了么,蛙小辣・美蛙火锅杯(宝山店),989.16,352.06,1395,94,14,0,14,1395,94,13,71.3,1034,57,542,9
2020-04-06,4636,蛙小辣火锅杯（总账号）,8491999,宝山店,上海,meituan,美团,蛙小辣火锅杯（宝山店）,1078.27,361.99,2108,112,17,0,17,2108,112,17,77.53,1138,58,621,81
2020-04-06,4636,蛙小辣火锅杯（总账号）,2000507076,五角场店,上海,eleme,饿了么,蛙小辣火锅杯(五角场店),1154.54,449.65,1131,77,15,0,15,1131,77,14,36.79,416,29,592,43
2020-04-07,4636,蛙小辣火锅杯（总账号）,2001104355,宝山店,上海,eleme,饿了么,蛙小辣・美蛙火锅杯(宝山店),816.51,274.58,1129,93,13,1,12,1129,93,12,59.7,644,44,467,11
2020-04-07,4636,蛙小辣火锅杯（总账号）,2000507076,五角场店,上海,eleme,饿了么,蛙小辣・美蛙火锅杯(五角场店),1439.93,467.13,1012,67,25,1,24,1012,67,24,28.8,502,19,833,78
2020-04-07,4636,蛙小辣火锅杯（总账号）,8491999,宝山店,上海,meituan,美团,蛙小辣火锅杯（宝山店）,904.72,328.09,1412,97,14,0,14,1412,97,14,80,804,57,493,69
2020-04-08,4636,蛙小辣火锅杯（总账号）,2001104355,宝山店,上海,eleme,饿了么,蛙小辣・美蛙火锅杯(宝山店),915.11,335.48,1004,86,12,0,12,1004,86,11,58,682,43,496,8
2020-04-08,4636,蛙小辣火锅杯（总账号）,2000507076,五角场店,上海,eleme,饿了么,蛙小辣・美蛙火锅杯(五角场店),1581.29,529.58,828,71,25,1,24,828,71,23,43.13,449,31,909,69
2020-04-08,4636,蛙小辣火锅杯（总账号）,8491999,宝山店,上海,meituan,美团,蛙小辣火锅杯（宝山店）,572.22,217.8,1470,77,9,0,9,1470,77,9,58.82,835,41,297,35
2020-04-09,4636,蛙小辣火锅杯（总账号）,2001104355,宝山店,上海,eleme,饿了么,蛙小辣・美蛙火锅杯(宝山店),1343.59,433.44,972,85,21,0,21,972,85,21,50.4,477,43,785,18
2020-04-09,4636,蛙小辣火锅杯（总账号）,2000507076,五角场店,上海,eleme,饿了么,蛙小辣・美蛙火锅杯(五角场店),1160.41,406.42,756,62,17,0,17,756,62,16,43.1,387,27,649,44
2020-04-09,4636,蛙小辣火锅杯（总账号）,8491999,宝山店,上海,meituan,美团,蛙小辣火锅杯（宝山店）,1122.72,401.05,1379,89,18,0,18,1379,89,18,74.1,938,52,617,95
2020-04-10,4636,蛙小辣火锅杯（总账号）,2001104355,宝山店,上海,eleme,饿了么,蛙小辣・美蛙火锅杯(宝山店),1232.58,500.28,1220,94,16,0,16,1220,94,15,36.6,500,32,606,17
2020-04-10,4636,蛙小辣火锅杯（总账号）,2000507076,五角场店,上海,eleme,饿了么,蛙小辣・美蛙火锅杯(五角场店),925.98,294.74,874,57,16,0,16,874,57,15,41.34,552,26,538,35
2020-04-10,4636,蛙小辣火锅杯（总账号）,8491999,宝山店,上海,meituan,美团,蛙小辣火锅杯（宝山店）,1581.67,601.8,1716,112,23,0,23,1716,112,22,99.62,1325,71,833,115
2020-04-11,4636,蛙小辣火锅杯（总账号）,2000507076,五角场店,上海,eleme,饿了么,蛙小辣・美蛙火锅杯(五角场店),1624.43,640.25,1484,98,21,0,21,1484,98,18,47.01,521,32,827,34
2020-04-11,4636,蛙小辣火锅杯（总账号）,2001104355,宝山店,上海,eleme,饿了么,蛙小辣・美蛙火锅杯麻辣烫(宝山店),2244.4,782.06,1639,140,34,1,33,1639,140,31,69.7,818,59,1252,30
2020-04-11,4636,蛙小辣火锅杯（总账号）,8491999,宝山店,上海,meituan,美团,蛙小辣火锅杯（宝山店）,1550.12,588.29,2017,160,25,0,25,2017,160,24,120,1452,92,818,133
2020-04-12,4636,蛙小辣火锅杯（总账号）,2000507076,五角场店,上海,eleme,饿了么,蛙小辣・美蛙火锅杯(五角场店),628.23,230.26,1114,74,9,0,9,1114,74,9,46.41,489,35,337,18
2020-04-12,4636,蛙小辣火锅杯（总账号）,2001104355,宝山店,上海,eleme,饿了么,蛙小辣・美蛙火锅杯麻辣烫(宝山店),1394.61,505.91,1818,122,19,0,19,1818,122,19,74.9,1020,61,754,15
2020-04-12,4636,蛙小辣火锅杯（总账号）,8491999,宝山店,上海,meituan,美团,蛙小辣火锅杯（宝山店）,434.58,154.26,1558,117,7,0,7,1558,117,6,85.88,899,67,242,34
2020-04-13,4636,蛙小辣火锅杯（总账号）,2000507076,五角场店,上海,eleme,饿了么,蛙小辣・美蛙火锅杯(五角场店),969.22,345.46,881,70,15,0,15,881,70,14,44.4,418,32,534,21
2020-04-13,4636,蛙小辣火锅杯（总账号）,2001104355,宝山店,上海,eleme,饿了么,蛙小辣・美蛙火锅杯麻辣烫(宝山店),732.99,247.51,1323,94,11,0,11,1323,94,11,55.7,692,46,421,10
2020-04-13,4636,蛙小辣火锅杯（总账号）,8491999,宝山店,上海,meituan,美团,蛙小辣火锅杯（宝山店）,1028.34,379.12,1076,83,17,0,17,1076,83,17,57.85,680,42,554,90
2020-04-14,4636,蛙小辣火锅杯（总账号）,2000507076,五角场店,上海,eleme,饿了么,蛙小辣・美蛙火锅杯(五角场店),1244.75,448.35,757,72,18,0,18,757,72,16,48.4,456,38,676,17
2020-04-14,4636,蛙小辣火锅杯（总账号）,2001104355,宝山店,上海,eleme,饿了么,蛙小辣・美蛙火锅杯麻辣烫(宝山店),1548.92,513.88,1300,99,24,0,24,1300,99,20,31.4,542,24,890,29
2020-04-14,4636,蛙小辣火锅杯（总账号）,8491999,宝山店,上海,meituan,美团,蛙小辣火锅杯（宝山店）,1252.94,454.89,1444,105,19,0,19,1444,105,19,71.09,1000,51,678,97
2020-04-15,4636,蛙小辣火锅杯（总账号）,2000507076,五角场店,上海,eleme,饿了么,蛙小辣・美蛙火锅杯(五角场店),1442.36,526.43,855,67,20,0,20,855,67,20,34.48,317,29,775,50
2020-04-15,4636,蛙小辣火锅杯（总账号）,2001104355,宝山店,上海,eleme,饿了么,蛙小辣・美蛙火锅杯麻辣烫(宝山店),1541.06,561.83,1261,93,23,0,23,1261,93,22,41.32,466,35,821,18
2020-04-15,4636,蛙小辣火锅杯（总账号）,8491999,宝山店,上海,meituan,美团,蛙小辣火锅杯（宝山店）,1037.31,370.49,1771,116,18,0,18,1771,116,18,99.51,1375,73,566,65
2020-04-16,4636,蛙小辣火锅杯（总账号）,2000507076,五角场店,上海,eleme,饿了么,蛙小辣・美蛙火锅杯(五角场店),916.39,331.88,880,61,14,0,14,880,61,12,45.99,433,32,488,38
2020-04-16,4636,蛙小辣火锅杯（总账号）,2001104355,宝山店,上海,eleme,饿了么,蛙小辣・美蛙火锅杯麻辣烫(宝山店),1377.46,416.93,1430,99,23,0,23,1430,99,23,61.26,788,47,832,21
2020-04-16,4636,蛙小辣火锅杯（总账号）,8491999,宝山店,上海,meituan,美团,蛙小辣火锅杯（宝山店）,1131.13,392.18,1468,110,19,0,19,1468,110,19,90,960,64,632,100
2020-04-17,4636,蛙小辣火锅杯（总账号）,2001104355,宝山店,上海,eleme,饿了么,蛙小辣・美蛙火锅杯麻辣烫(宝山店),1043.35,413.5,1362,94,15,0,15,1362,94,14,70.8,1059,60,505,13
2020-04-17,4636,蛙小辣火锅杯（总账号）,2000507076,五角场店,上海,eleme,饿了么,蛙小辣・美蛙火锅杯麻辣烫(五角场店),1144.91,371.39,841,71,19,0,19,841,71,19,37.37,471,28,659,45
2020-04-17,4636,蛙小辣火锅杯（总账号）,8491999,宝山店,上海,meituan,美团,蛙小辣火锅杯（宝山店）,1996.39,747.4,1441,115,27,0,27,1441,115,27,90,1017,66,1061,153
2020-04-18,4636,蛙小辣火锅杯（总账号）,2001104355,宝山店,上海,eleme,饿了么,蛙小辣・美蛙火锅杯麻辣烫(宝山店),1304.34,438.84,886,60,20,0,20,886,60,20,31.7,372,23,747,16
2020-04-18,4636,蛙小辣火锅杯（总账号）,2000507076,五角场店,上海,eleme,饿了么,蛙小辣・美蛙火锅杯麻辣烫(五角场店),1102.18,384.58,571,48,16,0,16,571,48,16,17.49,202,17,620,36
2020-04-18,4636,蛙小辣火锅杯（总账号）,8491999,宝山店,上海,meituan,美团,蛙小辣火锅杯（宝山店）,1260.33,437.25,1872,117,20,0,20,1872,117,20,75.77,1259,54,712,139
2020-04-19,4636,蛙小辣火锅杯（总账号）,2001104355,宝山店,上海,eleme,饿了么,蛙小辣・美蛙火锅杯麻辣烫(宝山店),1018.93,351.68,1146,104,15,0,15,1146,104,15,71.2,739,55,571,13
2020-04-19,4636,蛙小辣火锅杯（总账号）,2000507076,五角场店,上海,eleme,饿了么,蛙小辣・美蛙火锅杯麻辣烫(五角场店),1255.31,445.42,775,72,18,0,18,775,72,17,47.44,553,39,702,50
2020-04-19,4636,蛙小辣火锅杯（总账号）,8491999,宝山店,上海,meituan,美团,蛙小辣火锅杯（宝山店）,1190.6,425.75,1607,126,19,0,19,1607,126,19,90,1113,60,659,117
2020-04-20,4636,蛙小辣火锅杯（总账号）,2001104355,宝山店,上海,eleme,饿了么,蛙小辣・美蛙火锅杯麻辣烫(宝山店),1381.03,457.35,657,65,20,0,20,657,65,19,25,284,19,798,10
2020-04-20,4636,蛙小辣火锅杯（总账号）,2000507076,五角场店,上海,eleme,饿了么,蛙小辣・美蛙火锅杯麻辣烫(五角场店),998.14,357.04,519,47,14,0,14,519,47,13,36.06,252,28,552,31
2020-04-20,4636,蛙小辣火锅杯（总账号）,8491999,宝山店,上海,meituan,美团,蛙小辣火锅杯（宝山店）,1114.41,367.95,1244,102,18,0,18,1244,102,17,68.45,759,49,647,92
2020-04-20,4636,蛙小辣火锅杯（总账号）,8184590,五角场店,上海,meituan,美团,蛙小辣火锅杯（五角场店）,689.82,195.95,1512,66,14,1,13,1512,66,12,32.92,350,16,420,31
2020-04-21,4636,蛙小辣火锅杯（总账号）,2001104355,宝山店,上海,eleme,饿了么,蛙小辣・美蛙火锅杯麻辣烫(宝山店),1309.72,453,792,69,19,0,19,792,69,19,39.1,526,31,734,18
2020-04-21,4636,蛙小辣火锅杯（总账号）,2000507076,五角场店,上海,eleme,饿了么,蛙小辣・美蛙火锅杯麻辣烫(五角场店),1213,420.58,661,65,18,0,18,661,65,18,22.7,281,17,681,60
2020-04-21,4636,蛙小辣火锅杯（总账号）,8491999,宝山店,上海,meituan,美团,蛙小辣火锅杯（宝山店）,1968.36,665.67,2016,117,30,0,30,2016,117,28,79.37,917,57,1125,180
2020-04-21,4636,蛙小辣火锅杯（总账号）,8184590,五角场店,上海,meituan,美团,蛙小辣火锅杯（五角场店）,476.4,137.02,1473,60,9,0,9,1473,60,9,17.03,176,13,288,15
2020-04-22,4636,蛙小辣火锅杯（总账号）,2001104355,宝山店,上海,eleme,饿了么,蛙小辣・美蛙火锅杯麻辣烫(宝山店),1381.09,437.57,830,72,24,1,23,830,72,23,51.96,640,41,808,20
2020-04-22,4636,蛙小辣火锅杯（总账号）,2000507076,五角场店,上海,eleme,饿了么,蛙小辣・美蛙火锅杯麻辣烫(五角场店),1060.02,404.66,534,44,15,0,15,534,44,15,23.8,191,18,546,26
2020-04-22,4636,蛙小辣火锅杯（总账号）,8491999,宝山店,上海,meituan,美团,蛙小辣火锅杯（宝山店）,1101.4,370.24,1743,103,18,0,18,1743,103,18,70.48,879,51,631,89
2020-04-22,4636,蛙小辣火锅杯（总账号）,8184590,五角场店,上海,meituan,美团,蛙小辣火锅杯（五角场店）,562.64,213.88,697,43,8,0,8,697,43,8,13.62,249,10,288,12
2020-04-23,4636,蛙小辣火锅杯（总账号）,2001104355,宝山店,上海,eleme,饿了么,蛙小辣・美蛙火锅杯麻辣烫(宝山店),1122.81,380.01,798,71,18,0,18,798,71,18,40.82,441,32,627,25
2020-04-23,4636,蛙小辣火锅杯（总账号）,8184590,五角场店,上海,meituan,美团,蛙小辣・美蛙火锅杯麻辣烫（五角场店）,682.13,297.9,803,45,8,0,8,803,45,8,4.2,41,3,300,18
2020-04-23,4636,蛙小辣火锅杯（总账号）,2000507076,五角场店,上海,eleme,饿了么,蛙小辣・美蛙火锅杯麻辣烫(五角场店),1255.41,422.63,972,78,19,0,19,972,78,18,25.6,328,19,718,36
2020-04-23,4636,蛙小辣火锅杯（总账号）,8491999,宝山店,上海,meituan,美团,蛙小辣火锅杯（宝山店）,1147.7,384.21,1523,86,19,0,19,1523,86,18,65.13,1002,47,656,32
2020-04-24,4636,蛙小辣火锅杯（总账号）,2001104355,宝山店,上海,eleme,饿了么,蛙小辣・美蛙火锅杯麻辣烫(宝山店),1316.44,511.36,1134,96,19,0,19,1134,96,19,50.41,526,40,676,17
2020-04-24,4636,蛙小辣火锅杯（总账号）,2000507076,五角场店,上海,eleme,饿了么,蛙小辣・美蛙火锅杯麻辣烫(五角场店),1035,305.64,1257,82,20,1,19,1257,82,18,22.5,242,17,623,21
2020-04-24,4636,蛙小辣火锅杯（总账号）,8491999,宝山店,上海,meituan,美团,蛙小辣火锅杯（宝山店）,1774.86,596.17,1419,100,28,0,28,1419,100,27,66.7,759,48,1021,46
2020-04-25,4636,蛙小辣火锅杯（总账号）,2001104355,宝山店,上海,eleme,饿了么,蛙小辣・美蛙火锅杯麻辣烫(宝山店),1612.33,629.23,1728,118,23,0,23,1728,118,23,42.13,798,34,805,21
2020-04-25,4636,蛙小辣火锅杯（总账号）,2000507076,五角场店,上海,eleme,饿了么,蛙小辣・美蛙火锅杯麻辣烫(五角场店),784.28,256.63,1141,62,12,0,12,1141,62,12,1.4,0,1,457,22
2020-04-25,4636,蛙小辣火锅杯（总账号）,8491999,宝山店,上海,meituan,美团,蛙小辣火锅杯（宝山店）,1641.93,546.27,1606,120,26,1,25,1606,120,23,62.59,710,47,953,36
2020-04-26,4636,蛙小辣火锅杯（总账号）,2001104355,宝山店,上海,eleme,饿了么,蛙小辣・美蛙火锅杯麻辣烫(宝山店),2393.93,950,1480,115,32,1,31,1480,115,31,42.04,521,33,1200,38
2020-04-26,4636,蛙小辣火锅杯（总账号）,8491999,宝山店,上海,meituan,美团,蛙小辣火锅杯（宝山店）,771.92,262.74,1469,82,12,0,12,1469,82,11,37.62,615,28,439,15
2020-04-27,4636,蛙小辣火锅杯（总账号）,2001104355,宝山店,上海,eleme,饿了么,蛙小辣・美蛙火锅杯麻辣烫(宝山店),1088.92,375.88,1185,87,17,0,17,1185,87,17,44.68,544,34,610,16
2020-04-27,4636,蛙小辣火锅杯（总账号）,2000507076,五角场店,上海,eleme,饿了么,蛙小辣・美蛙火锅杯麻辣烫(五角场店),939.51,398.69,523,46,12,1,11,523,46,12,8.5,148,7,398,16
2020-04-27,4636,蛙小辣火锅杯（总账号）,8491999,宝山店,上海,meituan,美团,蛙小辣火锅杯（宝山店）,1645.35,545.17,1462,105,26,0,26,1462,105,24,48.08,882,36,950,48
2020-04-28,4636,蛙小辣火锅杯（总账号）,2001104355,宝山店,上海,eleme,饿了么,蛙小辣・美蛙火锅杯麻辣烫(宝山店),1299.91,469.5,1896,132,19,0,19,1896,132,18,52.68,709,41,697,14
2020-04-28,4636,蛙小辣火锅杯（总账号）,2000507076,五角场店,上海,eleme,饿了么,蛙小辣・美蛙火锅杯麻辣烫(五角场店),654,192.78,687,63,13,0,13,687,63,12,27.05,243,21,390,20
2020-04-28,4636,蛙小辣火锅杯（总账号）,8491999,宝山店,上海,meituan,美团,蛙小辣火锅杯（宝山店）,2096.54,760.19,1180,106,32,0,32,1180,106,31,42.43,557,33,1138,44
2020-04-29,4636,蛙小辣火锅杯（总账号）,2001104355,宝山店,上海,eleme,饿了么,蛙小辣・美蛙火锅杯麻辣烫(宝山店),1956.95,685.13,1348,106,29,0,29,1348,106,26,57.35,584,42,1081,30
2020-04-29,4636,蛙小辣火锅杯（总账号）,2000507076,五角场店,上海,eleme,饿了么,蛙小辣・美蛙火锅杯麻辣烫(五角场店),1126.08,365.36,673,69,19,0,19,673,69,18,9.6,80,7,651,28
2020-04-29,4636,蛙小辣火锅杯（总账号）,8491999,宝山店,上海,meituan,美团,蛙小辣火锅杯（宝山店）,1160.52,427.59,1453,120,19,0,19,1453,120,18,73.23,787,55,620,31
2020-04-30,4636,蛙小辣火锅杯（总账号）,2001104355,宝山店,上海,eleme,饿了么,蛙小辣・美蛙火锅杯麻辣烫(宝山店),1547.39,538.82,1286,93,24,0,24,1286,93,21,36.9,591,28,855,21
2020-04-30,4636,蛙小辣火锅杯（总账号）,2000507076,五角场店,上海,eleme,饿了么,蛙小辣・美蛙火锅杯麻辣烫(五角场店),754.7,333.74,748,54,10,0,10,748,54,9,27.2,395,20,334,15
2020-04-30,4636,蛙小辣火锅杯（总账号）,8491999,宝山店,上海,meituan,美团,蛙小辣火锅杯（宝山店）,1216.56,392.64,1679,123,22,0,22,1679,123,22,58.43,863,44,707,43
2020-05-01,4636,蛙小辣火锅杯（总账号）,2001104355,宝山店,上海,eleme,饿了么,蛙小辣・美蛙火锅杯麻辣烫(宝山店),753.97,317.7,1063,74,11,0,11,1063,74,10,26.86,406,21,356,20
2020-05-01,4636,蛙小辣火锅杯（总账号）,2000507076,五角场店,上海,eleme,饿了么,蛙小辣・美蛙火锅杯麻辣烫(五角场店),500.94,207.49,749,48,8,0,8,749,48,8,5.5,75,4,246,22
2020-05-01,4636,蛙小辣火锅杯（总账号）,8491999,宝山店,上海,meituan,美团,蛙小辣火锅杯（宝山店）,1838.31,541.83,1888,128,33,1,32,1888,128,32,72.54,1007,52,1132,55
2020-05-02,4636,蛙小辣火锅杯（总账号）,2001104355,宝山店,上海,eleme,饿了么,蛙小辣・美蛙火锅杯麻辣烫(宝山店),812.12,346.95,891,44,10,0,10,891,44,10,19.95,309,15,381,31
2020-05-02,4636,蛙小辣火锅杯（总账号）,8491999,宝山店,上海,meituan,美团,蛙小辣火锅杯（宝山店）,1398.73,454.71,1481,110,24,0,24,1481,110,23,54.37,751,42,809,39
2020-05-03,4636,蛙小辣火锅杯（总账号）,2001104355,宝山店,上海,eleme,饿了么,蛙小辣・美蛙火锅杯麻辣烫(宝山店),423.09,200.04,712,43,5,0,5,712,43,5,20.63,303,15,174,8
2020-05-03,4636,蛙小辣火锅杯（总账号）,8491999,宝山店,上海,meituan,美团,蛙小辣火锅杯（宝山店）,2279.29,809.63,1527,113,35,0,35,1527,113,34,59.42,713,46,1260,44
2020-05-04,4636,蛙小辣火锅杯（总账号）,2001104355,宝山店,上海,eleme,饿了么,蛙小辣・美蛙火锅杯麻辣烫(宝山店),1217.47,456.38,820,65,17,0,17,820,65,16,30.2,357,21,647,42
2020-05-04,4636,蛙小辣火锅杯（总账号）,8491999,宝山店,上海,meituan,美团,蛙小辣火锅杯（宝山店）,1266.68,397.06,1916,108,22,0,22,1916,108,22,41.47,763,30,754,32
2020-05-05,4636,蛙小辣火锅杯（总账号）,2001104355,宝山店,上海,eleme,饿了么,蛙小辣・美蛙火锅杯麻辣烫(宝山店),1257.1,418.39,990,78,18,0,18,990,78,17,37.48,561,27,728,48
2020-05-05,4636,蛙小辣火锅杯（总账号）,8491999,宝山店,上海,meituan,美团,蛙小辣火锅杯（宝山店）,971.14,310.15,1907,122,17,0,17,1907,122,17,71.17,828,50,571,32
2020-05-06,4636,蛙小辣火锅杯（总账号）,2001104355,宝山店,上海,eleme,饿了么,蛙小辣・美蛙火锅杯麻辣烫(宝山店),1270.51,450.61,756,59,18,0,18,756,59,17,30.56,332,24,706,45
2020-05-07,4636,蛙小辣火锅杯（总账号）,2001104355,宝山店,上海,eleme,饿了么,蛙小辣・美蛙火锅杯麻辣烫(宝山店),1088.55,335.6,842,72,18,0,18,842,72,18,18.97,391,16,648,51
2020-05-07,4636,蛙小辣火锅杯（总账号）,8491999,宝山店,上海,meituan,美团,蛙小辣火锅杯（宝山店）,0,0,0,0,28,0,28,1628,114,28,63.84,686,46,882,44
2020-05-08,4636,蛙小辣火锅杯（总账号）,2001104355,宝山店,上海,eleme,饿了么,蛙小辣・美蛙火锅杯麻辣烫(宝山店),1512.86,534.33,1054,94,22,0,22,1054,94,22,42.8,548,31,831,29
2020-05-08,4636,蛙小辣火锅杯（总账号）,8491999,宝山店,上海,meituan,美团,蛙小辣火锅杯（宝山店）,0,0,0,0,23,0,23,1407,96,23,44.65,730,32,782,51
2020-05-09,4636,蛙小辣火锅杯（总账号）,2001104355,宝山店,上海,eleme,饿了么,蛙小辣・美蛙火锅杯麻辣烫(宝山店),1446.19,460.05,1035,86,23,0,23,1035,86,23,38.57,519,29,848,51
2020-05-09,4636,蛙小辣火锅杯（总账号）,8491999,宝山店,上海,meituan,美团,蛙小辣火锅杯（宝山店）,0,0,0,0,28,0,28,1359,108,28,51.56,572,36,883,56
2020-05-10,6108,拌客（武宁路店）,337460136,拌客干拌麻辣烫(武宁路店),上海,eleme,饿了么,拌客干拌麻辣烫(武宁路店),1481.46,643.42,2816,174,26,0,26,2816,174,25,190.1,2928,133,671,122
2020-05-10,4636,蛙小辣火锅杯（总账号）,2001104355,宝山店,上海,eleme,饿了么,蛙小辣・美蛙火锅杯麻辣烫(宝山店),1772.64,598.1,1348,89,27,1,26,1348,89,26,52.62,857,41,1009,27
2020-05-10,4636,蛙小辣火锅杯（总账号）,8491999,宝山店,上海,meituan,美团,蛙小辣火锅杯（宝山店）,0,0,0,0,23,0,23,0,0,0,80.99,1528,60,854,56
2020-05-11,6108,拌客（武宁路店）,337460136,拌客干拌麻辣烫(武宁路店),上海,eleme,饿了么,拌客干拌麻辣烫(武宁路店),2432.3,954.35,3855,267,48,0,48,3855,267,47,320.8,3989,190,1192,186
2020-05-11,4636,蛙小辣火锅杯（总账号）,2001104355,宝山店,上海,eleme,饿了么,蛙小辣・美蛙火锅杯麻辣烫(宝山店),1204.7,392.87,927,81,20,0,20,927,81,19,30.82,392,26,697,27
2020-05-11,4636,蛙小辣火锅杯（总账号）,8491999,宝山店,上海,meituan,美团,蛙小辣火锅杯（宝山店）,0,0,0,0,30,0,30,1182,97,30,50.27,768,38,998,66
2020-05-12,6108,拌客（武宁路店）,337460136,拌客干拌麻辣烫(武宁路店),上海,eleme,饿了么,拌客・干拌麻辣烫(武宁路店),3397.32,1384.92,3943,259,63,0,63,3943,259,62,398.2,3254,159,1626,307
2020-05-12,4636,蛙小辣火锅杯（总账号）,2001104355,宝山店,上海,eleme,饿了么,蛙小辣・美蛙火锅杯麻辣烫(宝山店),1679.15,595.63,926,71,24,0,24,926,71,19,38.77,475,31,926,27
2020-05-12,4636,蛙小辣火锅杯（总账号）,8491999,宝山店,上海,meituan,美团,蛙小辣火锅杯（宝山店）,0,0,0,0,26,1,25,1335,90,23,43.79,859,33,836,48
2020-05-13,6108,拌客（武宁路店）,337460136,拌客干拌麻辣烫(武宁路店),上海,eleme,饿了么,拌客・干拌麻辣烫(武宁路店),2978.46,1074.44,5904,352,58,0,58,5904,352,55,463.13,3179,205,1560,251
2020-05-13,4636,蛙小辣火锅杯（总账号）,2001104355,宝山店,上海,eleme,饿了么,蛙小辣・美蛙火锅杯麻辣烫(宝山店),1980.86,698.07,1084,87,30,1,29,1084,87,28,56.08,677,44,1092,30
2020-05-13,4636,蛙小辣火锅杯（总账号）,8491999,宝山店,上海,meituan,美团,蛙小辣火锅杯（宝山店）,1228.8,481.48,1261,91,21,1,20,1261,91,21,40.99,510,32,619,32
2020-05-14,6108,拌客（武宁路店）,337460136,拌客干拌麻辣烫(武宁路店),上海,eleme,饿了么,拌客・干拌麻辣烫(武宁路店),4054.28,1516.31,6045,362,80,0,80,6045,362,77,447.58,2913,231,2071,294
2020-05-14,4636,蛙小辣火锅杯（总账号）,2001104355,宝山店,上海,eleme,饿了么,蛙小辣・美蛙火锅杯麻辣烫(宝山店),1614.63,604.29,1414,98,22,0,22,1414,98,21,44.94,489,35,856,15
2020-05-14,4636,蛙小辣火锅杯（总账号）,8491999,宝山店,上海,meituan,美团,蛙小辣火锅杯（宝山店）,1702.43,651.03,1433,107,27,0,27,1433,107,27,56.83,822,41,891,66
2020-05-15,6108,拌客（武宁路店）,337460136,拌客干拌麻辣烫(武宁路店),上海,eleme,饿了么,拌客・干拌麻辣烫(武宁路店),4838.26,1783.41,6085,391,98,1,97,6085,391,91,477.9,3510,232,2419,518
2020-05-15,4636,蛙小辣火锅杯（总账号）,2001104355,宝山店,上海,eleme,饿了么,蛙小辣・美蛙火锅杯麻辣烫(宝山店),1428.49,506.97,1659,114,22,2,20,1659,114,20,29.9,494,23,747,13
2020-05-15,4636,蛙小辣火锅杯（总账号）,8491999,宝山店,上海,meituan,美团,蛙小辣火锅杯（宝山店）,1416.87,531.66,1562,92,23,0,23,1562,92,23,43.17,775,31,751,70
2020-05-16,6108,拌客（武宁路店）,337460136,拌客干拌麻辣烫(武宁路店),上海,eleme,饿了么,拌客・干拌麻辣烫(武宁路店),3843.94,1441.52,6069,328,76,1,75,6069,328,71,397.3,3547,235,1916,386
2020-05-16,4636,蛙小辣火锅杯（总账号）,2001104355,宝山店,上海,eleme,饿了么,蛙小辣・美蛙火锅杯麻辣烫(宝山店),1436,513.7,1910,110,21,0,21,1910,110,20,45.54,765,34,742,41
2020-05-16,4636,蛙小辣火锅杯（总账号）,8491999,宝山店,上海,meituan,美团,蛙小辣火锅杯（宝山店）,1081.05,386.65,1706,118,20,1,19,1706,118,20,68.36,1032,49,591,51
2020-05-17,6108,拌客（武宁路店）,337460136,拌客干拌麻辣烫(武宁路店),上海,eleme,饿了么,拌客・干拌麻辣烫(武宁路店),4531.12,1763.57,6267,367,81,1,80,6267,367,76,395.2,3698,221,2206,299
2020-05-17,4636,蛙小辣火锅杯（总账号）,2001104355,宝山店,上海,eleme,饿了么,蛙小辣・美蛙火锅杯麻辣烫(宝山店),1080.22,352.92,1528,103,16,0,16,1528,103,15,28.05,386,22,593,20
2020-05-17,4636,蛙小辣火锅杯（总账号）,8491999,宝山店,上海,meituan,美团,蛙小辣火锅杯（宝山店）,1279.46,461.99,1531,101,22,0,22,1531,101,20,62,782,47,695,55
2020-05-18,6108,拌客（武宁路店）,337460136,拌客干拌麻辣烫(武宁路店),上海,eleme,饿了么,拌客・干拌麻辣烫(武宁路店),4559.76,1622.64,6317,404,92,1,91,6317,404,84,443.3,3013,243,2278,419
2020-05-18,4636,蛙小辣火锅杯（总账号）,2001104355,宝山店,上海,eleme,饿了么,蛙小辣・美蛙火锅杯麻辣烫(宝山店),1353.97,417.69,921,72,22,0,22,921,72,22,15.6,171,12,770,27
2020-05-18,4636,蛙小辣火锅杯（总账号）,8491999,宝山店,上海,meituan,美团,蛙小辣火锅杯（宝山店）,1010.16,356.58,1115,86,18,0,18,1115,86,17,42.67,523,31,558,26
2020-05-19,6108,拌客（武宁路店）,337460136,拌客干拌麻辣烫(武宁路店),上海,eleme,饿了么,拌客・干拌麻辣烫(武宁路店),6077.68,2260.01,6014,406,120,1,119,6014,406,114,395.3,2170,209,3074,643
2020-05-19,4636,蛙小辣火锅杯（总账号）,2001104355,宝山店,上海,eleme,饿了么,蛙小辣・美蛙火锅杯麻辣烫(宝山店),1652.9,568.96,865,76,25,0,25,865,76,24,32.69,356,26,876,31
2020-05-19,4636,蛙小辣火锅杯（总账号）,8491999,宝山店,上海,meituan,美团,蛙小辣火锅杯（宝山店）,1078.14,375.25,1099,86,20,0,20,1099,86,19,42.41,586,30,599,64
2020-05-20,6108,拌客（武宁路店）,337460136,拌客干拌麻辣烫(武宁路店),上海,eleme,饿了么,拌客・干拌麻辣烫(武宁路店),5724.72,2127.48,4769,371,114,3,111,4769,371,103,368.52,2953,204,2807,648
2020-05-20,4636,蛙小辣火锅杯（总账号）,2001104355,宝山店,上海,eleme,饿了么,蛙小辣・美蛙火锅杯麻辣烫(宝山店),1284.21,398.31,964,76,21,0,21,964,76,18,24.8,429,20,713,17
2020-05-20,4636,蛙小辣火锅杯（总账号）,8491999,宝山店,上海,meituan,美团,蛙小辣火锅杯（宝山店）,1301.3,497.1,1147,81,21,0,21,1147,81,21,35.68,548,25,678,80
2020-05-21,6108,拌客（武宁路店）,337460136,拌客干拌麻辣烫(武宁路店),上海,eleme,饿了么,拌客・干拌麻辣烫(武宁路店),5849.3,2074.95,4944,388,121,0,121,4944,388,112,428.52,2467,210,3067,672
2020-05-21,4636,蛙小辣火锅杯（总账号）,2001104355,宝山店,上海,eleme,饿了么,蛙小辣・美蛙火锅杯麻辣烫(宝山店),1022.18,333.79,893,63,15,0,15,893,63,14,28.69,465,22,562,25
2020-05-21,4636,蛙小辣火锅杯（总账号）,8491999,宝山店,上海,meituan,美团,蛙小辣火锅杯（宝山店）,1218.28,446.06,1161,89,21,0,21,1161,89,20,43.72,630,32,656,68
2020-05-22,6108,拌客（武宁路店）,337460136,拌客干拌麻辣烫(武宁路店),上海,eleme,饿了么,拌客・干拌麻辣烫(武宁路店),7174.94,2586.89,4680,453,148,2,146,4680,453,136,426.6,3324,266,3709,752
2020-05-22,4636,蛙小辣火锅杯（总账号）,2001104355,宝山店,上海,eleme,饿了么,蛙小辣・美蛙火锅杯麻辣烫(宝山店),904.57,273.6,1110,74,15,0,15,1110,74,15,54.94,669,40,543,20
2020-05-22,4636,蛙小辣火锅杯（总账号）,8491999,宝山店,上海,meituan,美团,蛙小辣火锅杯（宝山店）,1680.79,589.59,1409,109,31,0,31,1409,109,31,51.76,991,38,927,120
2020-05-23,6108,拌客（武宁路店）,337460136,拌客干拌麻辣烫(武宁路店),上海,eleme,饿了么,拌客・干拌麻辣烫(武宁路店),4405.06,1671.71,5420,355,85,0,85,5420,355,82,277.2,2891,199,2204,513
2020-05-23,4636,蛙小辣火锅杯（总账号）,2001104355,宝山店,上海,eleme,饿了么,蛙小辣・美蛙火锅杯麻辣烫(宝山店),681.8,221.3,1070,75,11,0,11,1070,75,10,35.92,569,27,394,9
2020-05-23,4636,蛙小辣火锅杯（总账号）,8491999,宝山店,上海,meituan,美团,蛙小辣火锅杯（宝山店）,1255.16,465.97,1321,91,21,1,20,1321,91,21,42.62,808,30,667,79
2020-05-24,6108,拌客（武宁路店）,337460136,拌客干拌麻辣烫(武宁路店),上海,eleme,饿了么,拌客・干拌麻辣烫(武宁路店),5858.64,2131.33,6370,460,117,1,116,6370,460,103,398.74,4709,284,3015,596
2020-05-24,4636,蛙小辣火锅杯（总账号）,2001104355,宝山店,上海,eleme,饿了么,蛙小辣・美蛙火锅杯麻辣烫(宝山店),1592.9,647.41,1010,79,21,0,21,1010,79,19,29.4,349,21,783,25
2020-05-24,4636,蛙小辣火锅杯（总账号）,8491999,宝山店,上海,meituan,美团,蛙小辣火锅杯（宝山店）,1243.21,499.83,1341,105,18,0,18,1341,105,18,60,747,43,625,56
2020-05-25,6108,拌客（武宁路店）,337460136,拌客干拌麻辣烫(武宁路店),上海,eleme,饿了么,拌客・干拌麻辣烫(武宁路店),7527.96,2789.79,7790,554,157,5,152,7790,554,140,446.11,4727,296,3800,724
2020-05-25,4636,蛙小辣火锅杯（总账号）,2001104355,宝山店,上海,eleme,饿了么,蛙小辣・美蛙火锅杯麻辣烫(宝山店),724.8,234.64,758,50,12,0,12,758,50,11,22.4,396,16,415,15
2020-05-25,4636,蛙小辣火锅杯（总账号）,8491999,宝山店,上海,meituan,美团,蛙小辣火锅杯（宝山店）,888.55,323.64,1113,97,16,0,16,1113,97,14,27.6,499,20,476,20
2020-05-26,6108,拌客（武宁路店）,337460136,拌客干拌麻辣烫(武宁路店),上海,eleme,饿了么,拌客・干拌麻辣烫(武宁路店),9230.54,3367.76,8388,561,182,1,181,8388,561,160,427.32,4164,259,4738,1053
2020-05-26,4636,蛙小辣火锅杯（总账号）,2001104355,宝山店,上海,eleme,饿了么,蛙小辣・美蛙火锅杯麻辣烫(宝山店),1203.94,496.96,1043,77,22,0,22,1043,77,20,23.63,362,18,573,32
2020-05-26,4636,蛙小辣火锅杯（总账号）,8491999,宝山店,上海,meituan,美团,蛙小辣火锅杯（宝山店）,798.86,370.99,1291,87,15,0,15,1291,87,15,42.29,704,31,331,29
2020-05-27,6108,拌客（武宁路店）,337460136,拌客干拌麻辣烫(武宁路店),上海,eleme,饿了么,拌客・干拌麻辣烫(武宁路店),8404.02,2993.95,9108,632,176,4,172,9108,632,163,372.41,3626,269,4402,1018
2020-05-27,4636,蛙小辣火锅杯（总账号）,2001104355,宝山店,上海,eleme,饿了么,蛙小辣・美蛙火锅杯麻辣烫(宝山店),600.83,241.72,734,65,10,0,10,734,65,8,35.32,342,28,295,11
2020-05-27,4636,蛙小辣火锅杯（总账号）,8491999,宝山店,上海,meituan,美团,蛙小辣火锅杯（宝山店）,750.51,321.89,1135,87,14,0,14,1135,87,13,45.19,668,32,342,21
2020-05-28,6108,拌客（武宁路店）,337460136,拌客干拌麻辣烫(武宁路店),上海,eleme,饿了么,拌客・干拌麻辣烫(武宁路店),7598.3,2757,8100,543,152,0,152,8100,543,139,424.14,3822,263,3926,937
2020-05-28,4636,蛙小辣火锅杯（总账号）,2001104355,宝山店,上海,eleme,饿了么,蛙小辣・美蛙火锅杯麻辣烫(宝山店),783.5,328.71,985,66,14,0,14,985,66,14,28.17,474,21,366,17
2020-05-28,4636,蛙小辣火锅杯（总账号）,8491999,宝山店,上海,meituan,美团,蛙小辣火锅杯（宝山店）,1278.88,606.36,1334,99,22,0,22,1334,99,20,49.06,851,33,528,26
2020-05-29,6108,拌客（武宁路店）,337460136,拌客干拌麻辣烫(武宁路店),上海,eleme,饿了么,拌客・干拌麻辣烫(武宁路店),8633,2495.79,9708,670,186,0,186,9708,670,175,700,6941,406,5102,1031
2020-05-29,4636,蛙小辣火锅杯（总账号）,2001104355,宝山店,上海,eleme,饿了么,蛙小辣・美蛙火锅杯麻辣烫(宝山店),1145.81,517.71,1037,77,16,0,16,1037,77,16,37.18,443,27,502,19
2020-05-29,4636,蛙小辣火锅杯（总账号）,8491999,宝山店,上海,meituan,美团,蛙小辣火锅杯（宝山店）,612.81,290.54,1280,101,10,0,10,1280,101,9,56.64,678,39,252,13
2020-05-30,6108,拌客（武宁路店）,337460136,拌客干拌麻辣烫(武宁路店),上海,eleme,饿了么,拌客・干拌麻辣烫(武宁路店),8992.48,2740.9,10621,687,197,6,191,10621,687,182,575.55,7466,396,5180,1141
2020-05-30,4636,蛙小辣火锅杯（总账号）,2001104355,宝山店,上海,eleme,饿了么,蛙小辣・美蛙火锅杯麻辣烫(宝山店),1713.99,670.83,1906,134,26,0,26,1906,134,26,71.7,952,52,878,32
2020-05-30,4636,蛙小辣火锅杯（总账号）,8491999,宝山店,上海,meituan,美团,蛙小辣火锅杯（宝山店）,1606.52,702.37,1599,115,24,0,24,1599,115,24,49.9,892,36,740,42
2020-05-31,6108,拌客（武宁路店）,337460136,拌客干拌麻辣烫(武宁路店),上海,eleme,饿了么,拌客・干拌麻辣烫(武宁路店),7903.2,2309.34,7154,542,174,1,173,7154,542,164,400.85,4800,290,4634,1034
2020-05-31,4636,蛙小辣火锅杯（总账号）,2001104355,宝山店,上海,eleme,饿了么,蛙小辣・美蛙火锅杯麻辣烫(宝山店),1237.56,481.62,1325,66,19,0,19,1325,66,18,42.37,824,31,636,22
2020-05-31,4636,蛙小辣火锅杯（总账号）,8491999,宝山店,上海,meituan,美团,蛙小辣火锅杯（宝山店）,1211.85,501.34,1354,96,21,0,21,1354,96,21,53.62,997,39,587,20
2020-06-01,6108,拌客（武宁路店）,337460136,拌客干拌麻辣烫(武宁路店),上海,eleme,饿了么,拌客・干拌麻辣烫(武宁路店),8847.58,2992.13,10038,669,190,1,189,10038,669,186,768.15,7812,403,4767,841
2020-06-01,4636,蛙小辣火锅杯（总账号）,2001104355,宝山店,上海,eleme,饿了么,蛙小辣・美蛙火锅杯麻辣烫(宝山店),1093.08,436.2,986,63,18,0,18,986,63,16,28.92,442,21,548,20
2020-06-01,4636,蛙小辣火锅杯（总账号）,8491999,宝山店,上海,meituan,美团,蛙小辣火锅杯（宝山店）,1131.45,469.75,1423,86,20,0,20,1423,86,20,48.45,1056,34,540,42
2020-06-02,6108,拌客（武宁路店）,337460136,拌客干拌麻辣烫(武宁路店),上海,eleme,饿了么,拌客・干拌麻辣烫(武宁路店),9614.5,3271.86,10238,701,207,0,207,10238,701,201,846.4,7481,409,5132,986
2020-06-02,4636,蛙小辣火锅杯（总账号）,2001104355,宝山店,上海,eleme,饿了么,蛙小辣・美蛙火锅杯麻辣烫(宝山店),1171.16,502.08,822,65,17,0,17,822,65,17,28.92,330,21,544,15
2020-06-02,4636,蛙小辣火锅杯（总账号）,8491999,宝山店,上海,meituan,美团,蛙小辣火锅杯（宝山店）,839.37,353.85,1156,93,15,0,15,1156,93,13,60,749,46,392,19
2020-06-03,6108,拌客（武宁路店）,337460136,拌客干拌麻辣烫(武宁路店),上海,eleme,饿了么,拌客・干拌麻辣烫(武宁路店),9423.76,3171.21,8917,677,203,2,201,8917,677,193,762.8,6710,397,5087,927
2020-06-03,4636,蛙小辣火锅杯（总账号）,2001104355,宝山店,上海,eleme,饿了么,蛙小辣・美蛙火锅杯麻辣烫(宝山店),1373.93,527.41,899,79,23,0,23,899,79,23,39.91,529,29,703,21
2020-06-03,4636,蛙小辣火锅杯（总账号）,8491999,宝山店,上海,meituan,美团,蛙小辣火锅杯（宝山店）,1220.37,516.91,1177,107,21,0,21,1177,107,21,60,768,43,570,33
2020-06-04,6108,拌客（武宁路店）,337460136,拌客干拌麻辣烫(武宁路店),上海,eleme,饿了么,拌客・干拌麻辣烫(武宁路店),11012.76,3780.11,8976,683,233,1,232,8976,683,224,757.95,7178,377,5882,1111
2020-06-04,4636,蛙小辣火锅杯（总账号）,2001104355,宝山店,上海,eleme,饿了么,蛙小辣・美蛙火锅杯麻辣烫(宝山店),1371.05,497.41,965,85,23,0,23,965,85,23,47.35,590,35,736,17
2020-06-04,4636,蛙小辣火锅杯（总账号）,8491999,宝山店,上海,meituan,美团,蛙小辣火锅杯（宝山店）,1474.39,688.33,1074,101,22,0,22,1074,101,22,60,664,44,623,36
2020-06-05,6108,拌客（武宁路店）,337460136,拌客干拌麻辣烫(武宁路店),上海,eleme,饿了么,拌客・干拌麻辣烫(武宁路店),7396.28,2518.89,8712,658,161,3,158,8712,658,153,574.72,5824,324,3962,419
2020-06-05,4636,蛙小辣火锅杯（总账号）,2001104355,宝山店,上海,eleme,饿了么,蛙小辣・美蛙火锅杯麻辣烫(宝山店),1987.12,789.29,1705,119,31,0,31,1705,119,31,47.34,745,35,996,20
2020-06-05,4636,蛙小辣火锅杯（总账号）,8491999,宝山店,上海,meituan,美团,蛙小辣火锅杯（宝山店）,1143.34,477.78,1428,105,19,0,19,1428,105,19,54.63,864,37,545,30
2020-06-06,6108,拌客（武宁路店）,337460136,拌客干拌麻辣烫(武宁路店),上海,eleme,饿了么,拌客・干拌麻辣烫(武宁路店),8589.3,2815.73,8068,556,181,0,181,8068,556,174,445.5,4984,271,4724,864
2020-06-06,4636,蛙小辣火锅杯（总账号）,2001104355,宝山店,上海,eleme,饿了么,蛙小辣・美蛙火锅杯麻辣烫(宝山店),1179.88,615.12,1155,75,13,0,13,1155,75,13,35.92,513,26,420,6
2020-06-06,4636,蛙小辣火锅杯（总账号）,8491999,宝山店,上海,meituan,美团,蛙小辣火锅杯（宝山店）,1118.39,483.71,1350,125,18,0,18,1350,125,17,60,833,44,519,33
2020-06-07,6108,拌客（武宁路店）,337460136,拌客干拌麻辣烫(武宁路店),上海,eleme,饿了么,拌客・干拌麻辣烫(武宁路店),8415.34,2849.17,8583,558,177,2,175,8583,558,169,563.05,6119,312,4541,837
2020-06-07,4636,蛙小辣火锅杯（总账号）,2001104355,宝山店,上海,eleme,饿了么,蛙小辣・美蛙火锅杯麻辣烫(宝山店),1167.14,468.53,1262,85,19,1,18,1262,85,18,45.6,765,34,575,11
2020-06-07,4636,蛙小辣火锅杯（总账号）,8491999,宝山店,上海,meituan,美团,蛙小辣火锅杯（宝山店）,412.69,155.09,1341,99,9,0,9,1341,99,9,70,1000,50,212,18
2020-06-08,6108,拌客（武宁路店）,337460136,拌客干拌麻辣烫(武宁路店),上海,eleme,饿了么,拌客・干拌麻辣烫(武宁路店),6646.12,2039.73,4937,388,152,2,150,4937,388,148,35.56,430,33,3767,693
2020-06-08,4636,蛙小辣火锅杯（总账号）,2001104355,宝山店,上海,eleme,饿了么,蛙小辣・美蛙火锅杯麻辣烫(宝山店),1111.3,398.4,920,64,20,0,20,920,64,20,42,464,30,591,22
2020-06-08,4636,蛙小辣火锅杯（总账号）,8491999,宝山店,上海,meituan,美团,蛙小辣火锅杯（宝山店）,663.67,280.53,1050,77,11,0,11,1050,77,11,50,640,35,316,26
2020-06-09,6108,拌客（武宁路店）,337460136,拌客干拌麻辣烫(武宁路店),上海,eleme,饿了么,拌客・干拌麻辣烫(武宁路店),7555.66,2574.57,6265,427,160,3,157,6265,427,149,90.88,1934,80,4035,728
2020-06-09,4636,蛙小辣火锅杯（总账号）,2001104355,宝山店,上海,eleme,饿了么,蛙小辣・美蛙火锅杯麻辣烫(宝山店),1009.49,414.5,853,64,16,0,16,853,64,15,23.25,236,17,489,11
2020-06-09,4636,蛙小辣火锅杯（总账号）,8491999,宝山店,上海,meituan,美团,蛙小辣火锅杯（宝山店）,893.69,359.41,1008,77,15,0,15,1008,77,15,31.8,563,22,440,26
2020-06-10,6108,拌客（武宁路店）,337460136,拌客干拌麻辣烫(武宁路店),上海,eleme,饿了么,拌客・干拌麻辣烫(武宁路店),7359.1,2418.73,6280,446,160,2,158,6280,446,151,25.99,373,29,4031,728
2020-06-10,4636,蛙小辣火锅杯（总账号）,2001104355,宝山店,上海,eleme,饿了么,蛙小辣・美蛙火锅杯麻辣烫(宝山店),1115.02,436.96,1043,87,18,0,18,1043,87,16,39.69,266,31,566,27
2020-06-11,6108,拌客（武宁路店）,337460136,拌客干拌麻辣烫(武宁路店),上海,eleme,饿了么,拌客・干拌麻辣烫(武宁路店),6686.34,2091.05,5873,449,142,1,141,5873,449,137,12.9,302,15,3772,455
2020-06-11,4636,蛙小辣火锅杯（总账号）,2001104355,宝山店,上海,eleme,饿了么,蛙小辣・美蛙火锅杯麻辣烫(宝山店),1074.91,421.56,869,77,17,0,17,869,77,17,42.29,315,32,549,17
2020-06-12,6108,拌客（武宁路店）,337460136,拌客干拌麻辣烫(武宁路店),上海,eleme,饿了么,拌客・干拌麻辣烫(武宁路店),7506.96,2261.35,4731,509,164,4,160,4731,509,155,27.8,459,33,4299,205
2020-06-12,4636,蛙小辣火锅杯（总账号）,2001104355,宝山店,上海,eleme,饿了么,蛙小辣・美蛙火锅杯麻辣烫(宝山店),1048.17,393.68,772,80,17,0,17,772,80,17,35.14,315,27,549,23
2020-06-12,4636,蛙小辣火锅杯（总账号）,8491999,宝山店,上海,meituan,美团,蛙小辣火锅杯（宝山店）,1309.09,547.78,983,91,23,0,23,983,91,22,40.32,577,34,629,89
2020-06-13,6108,拌客（武宁路店）,337460136,拌客干拌麻辣烫(武宁路店),上海,eleme,饿了么,拌客・干拌麻辣烫(武宁路店),5435.2,1669.01,6939,410,116,3,113,6939,410,108,22.96,498,25,3104,165
2020-06-13,4636,蛙小辣火锅杯（总账号）,2001104355,宝山店,上海,eleme,饿了么,蛙小辣・美蛙火锅杯麻辣烫(宝山店),683.97,265.34,1230,70,10,0,10,1230,70,10,32.81,501,24,356,14
2020-06-13,4636,蛙小辣火锅杯（总账号）,8491999,宝山店,上海,meituan,美团,蛙小辣火锅杯（宝山店）,1246.88,496.7,1208,92,22,0,22,1208,92,22,47.59,828,40,623,48
2020-06-14,6108,拌客（武宁路店）,337460136,拌客干拌麻辣烫(武宁路店),上海,eleme,饿了么,拌客・干拌麻辣烫(武宁路店),5645.9,1694.15,6552,433,123,3,120,6552,433,118,23.59,502,27,3267,176
2020-06-14,4636,蛙小辣火锅杯（总账号）,2001104355,宝山店,上海,eleme,饿了么,蛙小辣・美蛙火锅杯麻辣烫(宝山店),921.67,365.33,1122,83,14,0,14,1122,83,13,35,519,25,465,24
2020-06-14,4636,蛙小辣火锅杯（总账号）,8491999,宝山店,上海,meituan,美团,蛙小辣火锅杯（宝山店）,926.36,401.97,1112,100,16,1,15,1112,100,14,49.99,586,41,425,41
2020-06-15,6108,拌客（武宁路店）,337460136,拌客干拌麻辣烫(武宁路店),上海,eleme,饿了么,拌客・干拌麻辣烫(武宁路店),6062.04,1830.73,7294,564,138,11,127,7294,564,127,28.61,615,34,3499,181
2020-06-15,4636,蛙小辣火锅杯（总账号）,2001104355,宝山店,上海,eleme,饿了么,蛙小辣・美蛙火锅杯麻辣烫(宝山店),1028.98,379.9,1440,76,17,0,17,1440,76,15,35,748,25,550,18
2020-06-15,4636,蛙小辣火锅杯（总账号）,8491999,宝山店,上海,meituan,美团,蛙小辣火锅杯（宝山店）,1188.56,501.51,1488,108,21,0,21,1488,108,21,49.99,940,41,562,58
2020-06-16,6108,拌客（武宁路店）,337460136,拌客干拌麻辣烫(武宁路店),上海,eleme,饿了么,拌客・干拌麻辣烫(武宁路店),6308.08,1912.97,6561,465,133,2,131,6561,465,129,3.2,155,4,3626,203
2020-06-16,4636,蛙小辣火锅杯（总账号）,2001104355,宝山店,上海,eleme,饿了么,蛙小辣・美蛙火锅杯麻辣烫(宝山店),1225.91,461.88,999,74,19,0,19,999,74,19,29.4,327,21,644,21
2020-06-16,4636,蛙小辣火锅杯（总账号）,8491999,宝山店,上海,meituan,美团,蛙小辣火锅杯（宝山店）,1023.08,394.37,1109,86,20,0,20,1109,86,19,42.95,670,34,521,50
2020-06-17,6108,拌客（武宁路店）,337460136,拌客干拌麻辣烫(武宁路店),上海,eleme,饿了么,拌客・干拌麻辣烫(武宁路店),7264.28,2220.77,7233,473,158,4,154,7233,473,152,3.66,80,5,4136,213
2020-06-17,4636,蛙小辣火锅杯（总账号）,2001104355,宝山店,上海,eleme,饿了么,蛙小辣・美蛙火锅杯麻辣烫(宝山店),1249.05,485.5,832,58,20,0,20,832,58,20,18.88,209,15,634,30
2020-06-17,4636,蛙小辣火锅杯（总账号）,8491999,宝山店,上海,meituan,美团,蛙小辣火锅杯（宝山店）,621.87,238.08,1187,81,12,0,12,1187,81,12,50,874,37,320,26
2020-06-18,6108,拌客（武宁路店）,337460136,拌客干拌麻辣烫(武宁路店),上海,eleme,饿了么,拌客・干拌麻辣烫(武宁路店),6747.18,1885.89,6786,485,149,5,144,6786,485,139,4,79,5,4038,230
2020-06-18,4636,蛙小辣火锅杯（总账号）,2001104355,宝山店,上海,eleme,饿了么,蛙小辣・美蛙火锅杯麻辣烫(宝山店),1114.76,431.14,914,57,17,0,17,914,57,17,28.15,349,21,578,24
2020-06-18,4636,蛙小辣火锅杯（总账号）,8491999,宝山店,上海,meituan,美团,蛙小辣火锅杯（宝山店）,726.48,265.82,1275,95,14,0,14,1275,95,14,50,674,36,386,32
2020-06-19,6108,拌客（武宁路店）,337460136,拌客干拌麻辣烫(武宁路店),上海,eleme,饿了么,拌客・干拌麻辣烫(武宁路店),7206.96,2301.64,6766,473,158,4,154,6766,473,151,11.81,150,16,4009,175
2020-06-19,4636,蛙小辣火锅杯（总账号）,2001104355,宝山店,上海,eleme,饿了么,蛙小辣・美蛙火锅杯麻辣烫(宝山店),776.34,302.72,933,70,12,0,12,933,70,12,23.53,223,17,395,23
2020-06-19,4636,蛙小辣火锅杯（总账号）,8491999,宝山店,上海,meituan,美团,蛙小辣火锅杯（宝山店）,1345.21,563.01,982,89,19,0,19,982,89,19,38.8,510,27,642,41
2020-06-20,6108,拌客（武宁路店）,337460136,拌客干拌麻辣烫(武宁路店),上海,eleme,饿了么,拌客・干拌麻辣烫(武宁路店),5097.66,1713.34,6295,365,105,2,103,6295,365,98,6.6,217,10,2762,133
2020-06-20,4636,蛙小辣火锅杯（总账号）,2001104355,宝山店,上海,eleme,饿了么,蛙小辣・美蛙火锅杯麻辣烫(宝山店),884.92,306.85,1143,82,16,0,16,1143,82,15,42.81,423,32,482,13
2020-06-20,4636,蛙小辣火锅杯（总账号）,8491999,宝山店,上海,meituan,美团,蛙小辣火锅杯（宝山店）,849.23,343.55,993,79,15,0,15,993,79,15,50,638,36,423,32
2020-06-21,6108,拌客（武宁路店）,337460136,拌客干拌麻辣烫(武宁路店),上海,eleme,饿了么,拌客・干拌麻辣烫(武宁路店),4318.16,1477.41,6754,377,89,1,88,6754,377,85,11.76,229,17,2334,91
2020-06-21,4636,蛙小辣火锅杯（总账号）,2001104355,宝山店,上海,eleme,饿了么,蛙小辣・美蛙火锅杯麻辣烫(宝山店),623.66,239.11,1287,73,11,0,11,1287,73,11,42.68,617,32,317,12
2020-06-21,4636,蛙小辣火锅杯（总账号）,8491999,宝山店,上海,meituan,美团,蛙小辣火锅杯（宝山店）,372.7,151.28,887,79,6,0,6,887,79,6,50,543,37,185,21
2020-06-22,6108,拌客（武宁路店）,337460136,拌客干拌麻辣烫(武宁路店),上海,eleme,饿了么,拌客・干拌麻辣烫(武宁路店),5131.14,1660.31,6037,403,109,0,109,6037,403,109,4.7,109,6,2853,116
2020-06-22,4636,蛙小辣火锅杯（总账号）,2001104355,宝山店,上海,eleme,饿了么,蛙小辣・美蛙火锅杯麻辣烫(宝山店),728.88,265.53,880,56,12,0,12,880,56,12,11.92,232,9,391,13
2020-06-22,4636,蛙小辣火锅杯（总账号）,8491999,宝山店,上海,meituan,美团,蛙小辣火锅杯（宝山店）,738.79,274.97,646,60,15,0,15,646,60,15,23.62,349,17,381,30
2020-06-23,6108,拌客（武宁路店）,337460136,拌客干拌麻辣烫(武宁路店),上海,eleme,饿了么,拌客・干拌麻辣烫(武宁路店),5989.36,2063.24,6168,405,120,0,120,6168,405,118,60.32,822,46,3211,129
2020-06-23,4636,蛙小辣火锅杯（总账号）,2001104355,宝山店,上海,eleme,饿了么,蛙小辣・美蛙火锅杯麻辣烫(宝山店),557.08,167.6,899,62,11,0,11,899,62,11,21.86,395,17,328,11
2020-06-23,4636,蛙小辣火锅杯（总账号）,8491999,宝山店,上海,meituan,美团,蛙小辣火锅杯（宝山店）,841.7,344.4,691,70,15,0,15,691,70,15,40.97,424,29,412,38
2020-06-24,6108,拌客（武宁路店）,337460136,拌客干拌麻辣烫(武宁路店),上海,eleme,饿了么,拌客・干拌麻辣烫(武宁路店),6057.96,2056.5,6226,416,124,2,122,6226,416,120,109.3,1098,66,3286,114
2020-06-24,4636,蛙小辣火锅杯（总账号）,2001104355,宝山店,上海,eleme,饿了么,蛙小辣・美蛙火锅杯麻辣烫(宝山店),822.57,334.27,839,49,12,0,12,839,49,12,27.5,338,19,406,16
2020-06-24,4636,蛙小辣火锅杯（总账号）,8491999,宝山店,上海,meituan,美团,蛙小辣火锅杯（宝山店）,792.65,268.26,813,63,15,0,15,813,63,13,50,582,34,445,34
2020-06-25,6108,拌客（武宁路店）,337460136,拌客干拌麻辣烫(武宁路店),上海,eleme,饿了么,拌客・干拌麻辣烫(武宁路店),3726.24,1230.36,5976,314,80,3,77,5976,314,77,102.09,1157,60,2057,74
2020-06-25,4636,蛙小辣火锅杯（总账号）,2001104355,宝山店,上海,eleme,饿了么,蛙小辣・美蛙火锅杯麻辣烫(宝山店),1444.26,577.77,1617,95,21,0,21,1617,95,21,38.47,464,27,713,12
2020-06-25,4636,蛙小辣火锅杯（总账号）,8491999,宝山店,上海,meituan,美团,蛙小辣火锅杯（宝山店）,843.64,302.03,892,76,17,1,16,892,76,17,39.64,377,23,455,45
2020-06-26,6108,拌客（武宁路店）,337460136,拌客干拌麻辣烫(武宁路店),上海,eleme,饿了么,拌客・干拌麻辣烫(武宁路店),3968.66,1400.57,5672,316,76,0,76,5672,316,74,114.35,1588,67,2106,88
2020-06-26,4636,蛙小辣火锅杯（总账号）,2001104355,宝山店,上海,eleme,饿了么,蛙小辣・美蛙火锅杯麻辣烫(宝山店),1230.64,407.4,1350,98,23,1,22,1350,98,21,36.69,295,25,699,18
2020-06-26,4636,蛙小辣火锅杯（总账号）,8491999,宝山店,上海,meituan,美团,蛙小辣火锅杯（宝山店）,569.04,195.91,773,74,11,0,11,773,74,11,38.82,502,26,318,23
2020-06-27,6108,拌客（武宁路店）,337460136,拌客干拌麻辣烫(武宁路店),上海,eleme,饿了么,拌客・干拌麻辣烫(武宁路店),5250.46,1847.05,6895,405,102,1,101,6895,405,100,210.04,2415,120,2790,154
2020-06-27,4636,蛙小辣火锅杯（总账号）,2001104355,宝山店,上海,eleme,饿了么,蛙小辣・美蛙火锅杯麻辣烫(宝山店),1641.73,632.45,1352,96,23,0,23,1352,96,22,39.13,593,29,845,57
2020-06-27,4636,蛙小辣火锅杯（总账号）,8491999,宝山店,上海,meituan,美团,蛙小辣火锅杯（宝山店）,1067.84,399.85,953,77,18,1,17,953,77,18,50,687,31,564,53
2020-06-28,6108,拌客（武宁路店）,337460136,拌客干拌麻辣烫(武宁路店),上海,eleme,饿了么,拌客・干拌麻辣烫(武宁路店),4908.66,1659.38,6521,392,99,0,99,6521,392,97,171.96,2032,104,2666,108
2020-06-28,4636,蛙小辣火锅杯（总账号）,2001104355,宝山店,上海,eleme,饿了么,蛙小辣・美蛙火锅杯麻辣烫(宝山店),1501.9,603.2,987,67,20,0,20,987,67,20,37.08,506,26,743,28
2020-06-28,4636,蛙小辣火锅杯（总账号）,8491999,宝山店,上海,meituan,美团,蛙小辣火锅杯（宝山店）,856.82,280.13,847,78,16,0,16,847,78,13,41.37,499,24,491,42
2020-06-29,6108,拌客（武宁路店）,337460136,拌客干拌麻辣烫(武宁路店),上海,eleme,饿了么,拌客・干拌麻辣烫(武宁路店),4302.28,1363.52,7079,367,96,4,92,7079,367,86,3.8,76,3,2411,106
2020-06-29,4636,蛙小辣火锅杯（总账号）,2001104355,宝山店,上海,eleme,饿了么,蛙小辣・美蛙火锅杯麻辣烫(宝山店),619.76,204.06,924,63,11,0,11,924,63,11,35.66,417,24,345,12
2020-06-29,4636,蛙小辣火锅杯（总账号）,8491999,宝山店,上海,meituan,美团,蛙小辣火锅杯（宝山店）,888.53,312.87,815,62,15,0,15,815,62,15,43.64,531,26,491,33
2020-06-30,6108,拌客（武宁路店）,337460136,拌客干拌麻辣烫(武宁路店),上海,eleme,饿了么,拌客・干拌麻辣烫(武宁路店),4423.18,1431.61,6666,344,96,1,95,6666,344,91,154.08,1927,95,2456,128
2020-06-30,4636,蛙小辣火锅杯（总账号）,2001104355,宝山店,上海,eleme,饿了么,蛙小辣・美蛙火锅杯麻辣烫(宝山店),1034.82,390.49,855,67,15,0,15,855,67,15,22.39,317,17,543,8
2020-06-30,4636,蛙小辣火锅杯（总账号）,8491999,宝山店,上海,meituan,美团,蛙小辣火锅杯（宝山店）,931.71,324.4,828,71,17,0,17,828,71,17,36.13,444,23,516,43
2020-07-01,6108,拌客（武宁路店）,337460136,拌客干拌麻辣烫(武宁路店),上海,eleme,饿了么,拌客・干拌麻辣烫(武宁路店),3824.26,1331.57,5373,267,77,2,75,5373,267,72,157.66,2008,87,2050,64
2020-07-01,4636,蛙小辣火锅杯（总账号）,2001104355,宝山店,上海,eleme,饿了么,蛙小辣・美蛙火锅杯麻辣烫(宝山店),1168.84,395.07,902,64,19,0,19,902,64,18,25.5,232,17,660,22
2020-07-01,4636,蛙小辣火锅杯（总账号）,8491999,宝山店,上海,meituan,美团,蛙小辣火锅杯（宝山店）,1008.28,351.48,794,73,19,0,19,794,73,19,37.57,631,26,553,38
2020-07-02,6108,拌客（武宁路店）,337460136,拌客干拌麻辣烫(武宁路店),上海,eleme,饿了么,拌客・干拌麻辣烫(武宁路店),4943.76,1685.33,6096,335,96,0,96,6096,335,92,180.44,1905,89,2682,95
2020-07-02,4636,蛙小辣火锅杯（总账号）,2001104355,宝山店,上海,eleme,饿了么,蛙小辣・美蛙火锅杯麻辣烫(宝山店),1257.61,416.37,1025,76,24,2,22,1025,76,21,15.98,249,11,717,23
2020-07-02,4636,蛙小辣火锅杯（总账号）,8491999,宝山店,上海,meituan,美团,蛙小辣火锅杯（宝山店）,1023.39,363.71,792,75,19,0,19,792,75,19,41.11,575,29,559,43
2020-07-03,6108,拌客（武宁路店）,337460136,拌客干拌麻辣烫(武宁路店),上海,eleme,饿了么,拌客・干拌麻辣烫(武宁路店),3219.04,984.87,5638,299,70,0,70,5638,299,68,164.96,2243,84,1843,73
2020-07-03,4636,蛙小辣火锅杯（总账号）,2001104355,宝山店,上海,eleme,饿了么,蛙小辣・美蛙火锅杯麻辣烫(宝山店),1066.54,394.1,1049,69,17,0,17,1049,69,17,31.42,356,21,566,14
2020-07-03,4636,蛙小辣火锅杯（总账号）,8491999,宝山店,上海,meituan,美团,蛙小辣火锅杯（宝山店）,999.86,323.98,772,70,20,0,20,772,70,18,36.84,409,25,573,47
2020-07-04,6108,拌客（武宁路店）,337460136,拌客干拌麻辣烫(武宁路店),上海,eleme,饿了么,拌客・干拌麻辣烫(武宁路店),2946.86,1022.37,5296,243,57,0,57,5296,243,53,223.76,2796,113,1577,54
2020-07-04,4636,蛙小辣火锅杯（总账号）,2001104355,宝山店,上海,eleme,饿了么,蛙小辣・美蛙火锅杯麻辣烫(宝山店),1034.2,356.81,1199,69,16,0,16,1199,69,14,37.09,413,27,573,24
2020-07-04,4636,蛙小辣火锅杯（总账号）,8491999,宝山店,上海,meituan,美团,蛙小辣火锅杯（宝山店）,1144.82,440.92,876,76,18,0,18,876,76,18,48.35,541,30,590,34
2020-07-05,6108,拌客（武宁路店）,337460136,拌客干拌麻辣烫(武宁路店),上海,eleme,饿了么,拌客・干拌麻辣烫(武宁路店),2690.46,902.21,4701,224,55,3,52,4701,224,51,118.18,1573,66,1487,46
2020-07-05,4636,蛙小辣火锅杯（总账号）,2001104355,宝山店,上海,eleme,饿了么,蛙小辣・美蛙火锅杯麻辣烫(宝山店),927.85,333.06,1596,100,13,0,13,1596,100,13,37.36,507,26,505,14
2020-07-05,4636,蛙小辣火锅杯（总账号）,8491999,宝山店,上海,meituan,美团,蛙小辣火锅杯（宝山店）,755.47,256.65,992,105,16,1,15,992,105,15,50,448,33,421,48
2020-07-06,4636,蛙小辣火锅杯（总账号）,2001104355,宝山店,上海,eleme,饿了么,蛙小辣・美蛙火锅杯麻辣烫(宝山店),978.89,377.65,1364,86,15,0,15,1364,86,14,41.26,680,28,507,22
2020-07-06,4636,蛙小辣火锅杯（总账号）,8491999,宝山店,上海,meituan,美团,蛙小辣火锅杯（宝山店）,1171.43,434.62,899,74,20,0,20,899,74,20,31.05,408,20,625,49
2020-07-07,6108,拌客（武宁路店）,337460136,拌客干拌麻辣烫(武宁路店),上海,eleme,饿了么,拌客・干拌麻辣烫(武宁路店),3240.96,1100.61,4423,235,62,0,62,4423,235,61,170.09,2395,89,1771,63
2020-07-07,4636,蛙小辣火锅杯（总账号）,2001104355,宝山店,上海,eleme,饿了么,蛙小辣・美蛙火锅杯麻辣烫(宝山店),781.55,281.64,759,54,12,0,12,759,54,12,18.88,217,13,427,12
2020-07-07,4636,蛙小辣火锅杯（总账号）,8491999,宝山店,上海,meituan,美团,蛙小辣火锅杯（宝山店）,742.2,269.21,788,67,13,0,13,788,67,13,50,560,32,401,18
2020-07-08,6108,拌客（武宁路店）,337460136,拌客干拌麻辣烫(武宁路店),上海,eleme,饿了么,拌客・干拌麻辣烫(武宁路店),3378.12,1218.06,4920,281,64,0,64,4920,281,63,226.8,2221,92,1776,57
2020-07-08,6108,拌客（武宁路店）,9428110,拌客干拌麻辣烫(武宁路店),上海,meituan,美团,拌客干拌麻辣烫（武宁路店）,4978.66,1617.52,4422,339,103,2,101,4445,323,98,330,2598,156,2824,193
2020-07-08,4636,蛙小辣火锅杯（总账号）,2001104355,宝山店,上海,eleme,饿了么,蛙小辣・美蛙火锅杯麻辣烫(宝山店),1230.72,421.82,1000,80,21,0,21,1000,80,21,33.95,326,24,686,16
2020-07-08,4636,蛙小辣火锅杯（总账号）,8491999,宝山店,上海,meituan,美团,蛙小辣火锅杯（宝山店）,605.22,208.67,736,60,12,0,12,746,47,12,39.35,465,27,332,20
2020-07-09,6108,拌客（武宁路店）,337460136,拌客干拌麻辣烫(武宁路店),上海,eleme,饿了么,拌客・干拌麻辣烫(武宁路店),3427.6,1113.7,6061,290,73,2,71,6061,290,70,153.19,1801,68,1918,76
2020-07-09,6108,拌客（武宁路店）,9428110,拌客干拌麻辣烫(武宁路店),上海,meituan,美团,拌客干拌麻辣烫（武宁路店）,4772.74,1548.8,5449,433,102,3,99,5488,399,99,496.02,4118,255,2703,337
2020-07-09,4636,蛙小辣火锅杯（总账号）,2001104355,宝山店,上海,eleme,饿了么,蛙小辣・美蛙火锅杯麻辣烫(宝山店),960.69,392.26,928,63,13,0,13,928,63,13,19.44,274,14,472,21
2020-07-09,4636,蛙小辣火锅杯（总账号）,8491999,宝山店,上海,meituan,美团,蛙小辣火锅杯（宝山店）,766.23,249.09,787,73,15,0,15,793,64,15,41.18,523,27,442,33
2020-07-10,6108,拌客（武宁路店）,337460136,拌客干拌麻辣烫(武宁路店),上海,eleme,饿了么,拌客・干拌麻辣烫(武宁路店),2797.24,937.66,6684,309,55,0,55,6684,309,53,158.81,1771,72,1539,58
2020-07-10,6108,拌客（武宁路店）,9428110,拌客干拌麻辣烫(武宁路店),上海,meituan,美团,拌客干拌麻辣烫（武宁路店）,4644.68,1513.8,4560,358,97,2,95,4603,324,91,309.55,2779,162,2617,338
2020-07-10,4636,蛙小辣火锅杯（总账号）,2001104355,宝山店,上海,eleme,饿了么,蛙小辣・美蛙火锅杯麻辣烫(宝山店),1658.28,612.74,1035,85,25,0,25,1035,85,25,35.83,271,25,884,78
2020-07-10,4636,蛙小辣火锅杯（总账号）,8491999,宝山店,上海,meituan,美团,蛙小辣火锅杯（宝山店）,813,289.41,822,76,16,1,15,829,64,15,50,571,35,442,21
2020-07-11,6108,拌客（武宁路店）,337460136,拌客干拌麻辣烫(武宁路店),上海,eleme,饿了么,拌客・干拌麻辣烫(武宁路店),2584.68,918.96,6665,254,50,0,50,6665,254,46,112.71,1378,49,1366,42
2020-07-11,6108,拌客（武宁路店）,9428110,拌客干拌麻辣烫(武宁路店),上海,meituan,美团,拌客干拌麻辣烫（武宁路店）,3374.12,1118.15,4360,308,67,0,67,4406,282,64,194.35,1872,97,1886,230
2020-07-11,4636,蛙小辣火锅杯（总账号）,2001104355,宝山店,上海,eleme,饿了么,蛙小辣・美蛙火锅杯麻辣烫(宝山店),801.72,315.15,1030,81,12,1,11,1030,81,11,29.07,442,19,407,21
2020-07-11,4636,蛙小辣火锅杯（总账号）,8491999,宝山店,上海,meituan,美团,蛙小辣火锅杯（宝山店）,802.14,288.83,778,89,14,0,14,793,78,14,50,413,37,441,36
2020-07-12,6108,拌客（武宁路店）,337460136,拌客干拌麻辣烫(武宁路店),上海,eleme,饿了么,拌客・干拌麻辣烫(武宁路店),1839.2,627.14,4003,165,41,4,37,4003,165,36,31.19,447,15,992,33
2020-07-12,6108,拌客（武宁路店）,9428110,拌客干拌麻辣烫(武宁路店),上海,meituan,美团,拌客干拌麻辣烫（武宁路店）,2967.4,978.06,4018,268,60,0,60,4064,245,57,105.43,1176,55,1661,211
2020-07-12,4636,蛙小辣火锅杯（总账号）,2001104355,宝山店,上海,eleme,饿了么,蛙小辣・美蛙火锅杯麻辣烫(宝山店),981.76,331.16,1167,85,16,0,16,1167,85,16,45.1,346,29,553,18
2020-07-12,4636,蛙小辣火锅杯（总账号）,8491999,宝山店,上海,meituan,美团,蛙小辣火锅杯（宝山店）,1162.96,465.62,855,79,18,0,18,867,72,17,50,588,33,581,22
2020-07-13,6108,拌客（武宁路店）,337460136,拌客干拌麻辣烫(武宁路店),上海,eleme,饿了么,拌客・干拌麻辣烫(武宁路店),2870.86,983.31,3173,224,56,0,56,3173,224,54,128.83,1120,63,1566,66
2020-07-13,6108,拌客（武宁路店）,9428110,拌客干拌麻辣烫(武宁路店),上海,meituan,美团,拌客干拌麻辣烫（武宁路店）,4035.58,1234.14,3865,322,87,0,87,3892,295,83,328.18,2588,163,2342,299
2020-07-13,4636,蛙小辣火锅杯（总账号）,2001104355,宝山店,上海,eleme,饿了么,蛙小辣・美蛙火锅杯麻辣烫(宝山店),865.98,302.6,885,53,16,2,14,885,53,14,22.86,275,15,477,25
2020-07-13,4636,蛙小辣火锅杯（总账号）,8491999,宝山店,上海,meituan,美团,蛙小辣火锅杯（宝山店）,917.18,334.4,697,67,16,0,16,706,62,16,44.87,373,28,494,35
2020-07-14,6108,拌客（武宁路店）,337460136,拌客干拌麻辣烫(武宁路店),上海,eleme,饿了么,拌客・干拌麻辣烫(武宁路店),3212.68,1036.77,3912,271,66,1,65,3912,271,62,184.18,1351,82,1803,58
2020-07-14,6108,拌客（武宁路店）,9428110,拌客干拌麻辣烫(武宁路店),上海,meituan,美团,拌客干拌麻辣烫（武宁路店）,5440.48,1697.87,4603,386,113,0,113,4636,339,108,445,3775,207,3145,461
2020-07-14,4636,蛙小辣火锅杯（总账号）,2001104355,宝山店,上海,eleme,饿了么,蛙小辣・美蛙火锅杯麻辣烫(宝山店),710.3,247.8,949,49,12,0,12,949,49,11,19.83,230,13,388,25
2020-07-14,4636,蛙小辣火锅杯（总账号）,8491999,宝山店,上海,meituan,美团,蛙小辣火锅杯（宝山店）,1075.7,379.63,823,82,18,0,18,826,72,18,50,328,32,594,39
2020-07-15,6108,拌客（武宁路店）,337460136,拌客干拌麻辣烫(武宁路店),上海,eleme,饿了么,拌客・干拌麻辣烫(武宁路店),3539.82,1222.61,4531,342,69,1,68,4531,342,67,343.96,2960,177,1916,57
2020-07-15,6108,拌客（武宁路店）,9428110,拌客干拌麻辣烫(武宁路店),上海,meituan,美团,拌客干拌麻辣烫（武宁路店）,7633.74,2525.06,6887,616,161,1,160,6937,552,155,600,5659,347,4258,700
2020-07-15,4636,蛙小辣火锅杯（总账号）,2001104355,宝山店,上海,eleme,饿了么,蛙小辣・美蛙火锅杯麻辣烫(宝山店),1208.09,406.14,1527,113,20,0,20,1527,113,20,50,511,33,674,34
2020-07-15,4636,蛙小辣火锅杯（总账号）,8491999,宝山店,上海,meituan,美团,蛙小辣火锅杯（宝山店）,909.68,324.73,1028,102,17,1,16,1038,89,15,70,617,47,495,25
2020-07-16,6108,拌客（武宁路店）,337460136,拌客干拌麻辣烫(武宁路店),上海,eleme,饿了么,拌客・干拌麻辣烫(武宁路店),3405.32,1115.75,2825,236,69,0,69,2825,236,67,146.18,1388,64,1880,84
2020-07-16,6108,拌客（武宁路店）,9428110,拌客干拌麻辣烫(武宁路店),上海,meituan,美团,拌客干拌麻辣烫（武宁路店）,6502.66,2272.89,6293,525,137,2,135,6321,469,135,600,4365,269,3514,615
2020-07-16,4636,蛙小辣火锅杯（总账号）,2001104355,宝山店,上海,eleme,饿了么,蛙小辣・美蛙火锅杯麻辣烫(宝山店),1250.93,455.03,907,83,20,1,19,907,83,20,33.17,322,23,679,50
2020-07-17,6108,拌客（武宁路店）,337460136,拌客干拌麻辣烫(武宁路店),上海,eleme,饿了么,拌客・干拌麻辣烫(武宁路店),3097.62,1047.09,3343,250,64,2,62,3343,250,60,185.1,1548,83,1684,63
2020-07-17,6108,拌客（武宁路店）,9428110,拌客干拌麻辣烫(武宁路店),上海,meituan,美团,拌客干拌麻辣烫（武宁路店）,6540.56,2194.72,6181,553,137,1,136,6229,478,137,341.84,2467,168,3634,619
2020-07-17,4636,蛙小辣火锅杯（总账号）,2001104355,宝山店,上海,eleme,饿了么,蛙小辣・美蛙火锅杯麻辣烫(宝山店),1150.23,385.2,1310,81,19,0,19,1310,81,17,47.54,566,30,656,47
2020-07-18,6108,拌客（武宁路店）,337460136,拌客干拌麻辣烫(武宁路店),上海,eleme,饿了么,拌客・干拌麻辣烫(武宁路店),2162.22,683.23,2459,152,45,0,45,2459,152,45,27.64,390,15,1226,50
2020-07-18,6108,拌客（武宁路店）,9428110,拌客干拌麻辣烫(武宁路店),上海,meituan,美团,拌客干拌麻辣烫（武宁路店）,3945.32,1292.96,3920,307,83,1,82,3971,275,79,158.71,1438,93,2221,358
2020-07-18,4636,蛙小辣火锅杯（总账号）,2001104355,宝山店,上海,eleme,饿了么,蛙小辣・美蛙火锅杯麻辣烫(宝山店),1078.07,387.47,1081,77,17,0,17,1081,77,16,45.64,426,30,582,28
2020-07-19,6108,拌客（武宁路店）,337460136,拌客干拌麻辣烫(武宁路店),上海,eleme,饿了么,拌客・干拌麻辣烫(武宁路店),1994.08,643.94,3538,234,40,0,40,3538,234,39,230.06,1832,107,1112,32
2020-07-19,6108,拌客（武宁路店）,9428110,拌客干拌麻辣烫(武宁路店),上海,meituan,美团,拌客干拌麻辣烫（武宁路店）,3775.28,1269.06,3646,319,79,1,78,3686,272,77,227.64,2047,120,2086,338
2020-07-19,4636,蛙小辣火锅杯（总账号）,2001104355,宝山店,上海,eleme,饿了么,蛙小辣・美蛙火锅杯麻辣烫(宝山店),311.94,106.6,1000,60,5,0,5,1000,60,5,6.4,58,4,177,17
2020-07-20,6108,拌客（武宁路店）,337460136,拌客干拌麻辣烫(武宁路店),上海,eleme,饿了么,拌客・干拌麻辣烫(武宁路店),3771.52,1289.92,3886,252,74,1,73,3886,252,72,236.97,2059,106,2054,82
2020-07-20,6108,拌客（武宁路店）,9428110,拌客干拌麻辣烫(武宁路店),上海,meituan,美团,拌客干拌麻辣烫（武宁路店）,5450.54,1742.86,4363,391,113,2,111,4394,333,108,388.64,2869,188,3118,469
2020-07-21,6108,拌客（武宁路店）,337460136,拌客干拌麻辣烫(武宁路店),上海,eleme,饿了么,拌客・干拌麻辣烫(武宁路店),3173.74,1035.14,3319,230,67,2,65,3319,230,63,134.19,1131,65,1776,71
2020-07-21,6108,拌客（武宁路店）,9428110,拌客干拌麻辣烫(武宁路店),上海,meituan,美团,拌客干拌麻辣烫（武宁路店）,4533.6,1487.77,4293,387,101,3,98,4329,345,97,263.72,2538,147,2538,430
2020-07-21,4636,蛙小辣火锅杯（总账号）,2001104355,宝山店,上海,eleme,饿了么,蛙小辣・美蛙火锅杯麻辣烫(宝山店),906.2,312.36,935,73,15,0,15,935,73,15,36.97,251,25,506,38
2020-07-22,6108,拌客（武宁路店）,337460136,拌客干拌麻辣烫(武宁路店),上海,eleme,饿了么,拌客・干拌麻辣烫(武宁路店),3558.84,1159.68,3465,282,72,0,72,3465,282,72,198.14,1374,93,1984,76
2020-07-22,6108,拌客（武宁路店）,9428110,拌客干拌麻辣烫(武宁路店),上海,meituan,美团,拌客干拌麻辣烫（武宁路店）,5140.98,1713.92,4611,433,108,0,108,4658,360,105,442,3282,197,2864,478
2020-07-22,4636,蛙小辣火锅杯（总账号）,2001104355,宝山店,上海,eleme,饿了么,蛙小辣・美蛙火锅杯麻辣烫(宝山店),1185.92,406.53,1375,70,19,0,19,1375,70,18,14.4,253,9,665,34
2020-07-22,4636,蛙小辣火锅杯（总账号）,8491999,宝山店,上海,meituan,美团,蛙小辣火锅杯（宝山店）,863.77,330.71,0,0,17,0,17,1202,89,16,72.25,981,49,441,121
2020-07-23,6108,拌客（武宁路店）,337460136,拌客干拌麻辣烫(武宁路店),上海,eleme,饿了么,拌客・干拌麻辣烫(武宁路店),2769.7,937.23,3335,247,55,1,54,3335,247,54,147.6,1230,63,1518,44
2020-07-23,6108,拌客（武宁路店）,9428110,拌客干拌麻辣烫(武宁路店),上海,meituan,美团,拌客干拌麻辣烫（武宁路店）,5289.66,1728.65,4139,392,110,2,108,4180,323,107,280.38,2501,128,2985,460
2020-07-23,4636,蛙小辣火锅杯（总账号）,2001104355,宝山店,上海,eleme,饿了么,蛙小辣・美蛙火锅杯麻辣烫(宝山店),1240.07,444.53,1331,73,19,0,19,1331,73,19,39.04,432,25,675,50
2020-07-23,4636,蛙小辣火锅杯（总账号）,8491999,宝山店,上海,meituan,美团,蛙小辣火锅杯（宝山店）,1345.44,568.77,0,0,21,0,21,926,85,20,59.68,574,38,632,172
2020-07-24,6108,拌客（武宁路店）,337460136,拌客干拌麻辣烫(武宁路店),上海,eleme,饿了么,拌客・干拌麻辣烫(武宁路店),2791.1,855.86,2934,229,59,2,57,2934,229,56,175.47,1126,82,1629,43
2020-07-24,6108,拌客（武宁路店）,9428110,拌客干拌麻辣烫(武宁路店),上海,meituan,美团,拌客干拌麻辣烫（武宁路店）,5455.66,1735.86,3579,289,111,0,111,3579,289,109,228.2,1863,105,3138,508
2020-07-24,4636,蛙小辣火锅杯（总账号）,2001104355,宝山店,上海,eleme,饿了么,蛙小辣・美蛙火锅杯麻辣烫(宝山店),1522.05,563.89,1164,74,24,0,24,1164,74,24,17.95,216,12,805,28
2020-07-24,4636,蛙小辣火锅杯（总账号）,8491999,宝山店,上海,meituan,美团,蛙小辣火锅杯（宝山店）,1139.06,460.04,983,74,19,0,19,983,74,19,62.83,675,40,559,170
2020-07-25,6108,拌客（武宁路店）,337460136,拌客干拌麻辣烫(武宁路店),上海,eleme,饿了么,拌客・干拌麻辣烫(武宁路店),2446,756.29,3001,213,50,0,50,3001,213,50,91.4,1174,44,1410,53
2020-07-25,4636,蛙小辣火锅杯（总账号）,8491999,宝山店,上海,meituan,美团,蛙小辣火锅杯（宝山店）,1491.77,542.23,1148,103,28,0,28,1148,103,28,80,686,52,795,262
2020-07-26,6108,拌客（武宁路店）,337460136,拌客干拌麻辣烫(武宁路店),上海,eleme,饿了么,拌客・干拌麻辣烫(武宁路店),3059.28,1066.23,3126,196,53,0,53,3126,196,52,103.67,1141,54,1645,57
2020-07-26,6108,拌客（武宁路店）,9428110,拌客干拌麻辣烫(武宁路店),上海,meituan,美团,拌客干拌麻辣烫（武宁路店）,3700.24,1163.2,3171,246,77,1,76,3171,246,73,188.25,1509,94,2139,305
2020-07-26,4636,蛙小辣火锅杯（总账号）,8491999,宝山店,上海,meituan,美团,蛙小辣火锅杯（宝山店）,1204.41,449.36,1140,109,22,0,22,1140,109,22,80,653,51,632,185
2020-07-27,6108,拌客（武宁路店）,337460136,拌客干拌麻辣烫(武宁路店),上海,eleme,饿了么,拌客・干拌麻辣烫(武宁路店),2848.94,853.16,3126,223,64,2,62,3126,223,60,141.25,1221,71,1660,58
2020-07-27,6108,拌客（武宁路店）,9428110,拌客干拌麻辣烫(武宁路店),上海,meituan,美团,拌客干拌麻辣烫（武宁路店）,4271.26,1282.88,4226,318,90,1,89,4226,318,86,350.54,3324,176,2534,204
2020-07-27,4636,蛙小辣火锅杯（总账号）,8491999,宝山店,上海,meituan,美团,蛙小辣火锅杯（宝山店）,1416.77,576.4,1055,98,25,0,25,1055,98,25,80,633,56,696,179
2020-07-28,6108,拌客（武宁路店）,337460136,拌客干拌麻辣烫(武宁路店),上海,eleme,饿了么,拌客・干拌麻辣烫(武宁路店),4116.74,1411.88,3959,296,79,1,78,3959,296,77,211.27,1899,103,2234,92
2020-07-28,6108,拌客（武宁路店）,9428110,拌客干拌麻辣烫(武宁路店),上海,meituan,美团,拌客干拌麻辣烫（武宁路店）,3338.34,988.58,3575,258,79,1,78,3575,258,74,150,1614,76,1955,99
2020-07-28,4636,蛙小辣火锅杯（总账号）,2001104355,宝山店,上海,eleme,饿了么,蛙小辣・美蛙火锅杯麻辣烫(宝山店),920.29,315.77,1338,78,18,1,17,1338,78,17,32.45,411,21,499,20
2020-07-28,4636,蛙小辣火锅杯（总账号）,8491999,宝山店,上海,meituan,美团,蛙小辣火锅杯（宝山店）,1466.39,553.38,1029,115,29,0,29,1029,115,27,80,731,60,767,251
2020-07-29,6108,拌客（武宁路店）,337460136,拌客干拌麻辣烫(武宁路店),上海,eleme,饿了么,拌客・干拌麻辣烫(武宁路店),3094.72,885.15,3291,235,65,0,65,3291,235,63,122.26,1038,58,1871,61
2020-07-29,6108,拌客（武宁路店）,9428110,拌客干拌麻辣烫(武宁路店),上海,meituan,美团,拌客干拌麻辣烫（武宁路店）,3300.02,1031.19,2757,217,71,0,71,2757,217,68,100,660,51,1907,114
2020-07-29,4636,蛙小辣火锅杯（总账号）,2001104355,宝山店,上海,eleme,饿了么,蛙小辣・美蛙火锅杯麻辣烫(宝山店),1024.71,357.91,1194,71,16,0,16,1194,71,16,19.2,264,12,565,39
2020-07-29,4636,蛙小辣火锅杯（总账号）,8491999,宝山店,上海,meituan,美团,蛙小辣火锅杯（宝山店）,789.09,273.93,1130,102,15,0,15,1130,102,15,80,791,60,438,39
2020-07-30,6108,拌客（武宁路店）,337460136,拌客干拌麻辣烫(武宁路店),上海,eleme,饿了么,拌客・干拌麻辣烫(武宁路店),3651.06,1030.83,3436,280,76,0,76,3436,280,75,98.75,852,45,2202,109
2020-07-30,6108,拌客（武宁路店）,9428110,拌客干拌麻辣烫(武宁路店),上海,meituan,美团,拌客干拌麻辣烫（武宁路店）,3402.26,1060.07,2811,192,74,1,73,2811,192,69,91.42,850,45,1956,109
2020-07-30,4636,蛙小辣火锅杯（总账号）,2001104355,宝山店,上海,eleme,饿了么,蛙小辣・美蛙火锅杯麻辣烫(宝山店),1244.13,407.65,1136,80,22,0,22,1136,80,22,25.25,287,16,703,63
2020-07-30,4636,蛙小辣火锅杯（总账号）,8491999,宝山店,上海,meituan,美团,蛙小辣火锅杯（宝山店）,1163.7,403.13,1122,93,22,0,22,1122,93,21,53.05,713,38,646,46
2020-07-31,6108,拌客（武宁路店）,337460136,拌客干拌麻辣烫(武宁路店),上海,eleme,饿了么,拌客・干拌麻辣烫(武宁路店),3744.96,995.88,3325,239,80,0,80,3325,239,78,100,904,50,2329,70
2020-07-31,6108,拌客（武宁路店）,9428110,拌客干拌麻辣烫(武宁路店),上海,meituan,美团,拌客干拌麻辣烫（武宁路店）,3920.22,1079.26,2653,209,89,2,87,2653,209,87,100,965,51,2398,123
2020-07-31,4636,蛙小辣火锅杯（总账号）,2001104355,宝山店,上海,eleme,饿了么,蛙小辣・美蛙火锅杯麻辣烫(宝山店),1177.36,438.69,1219,89,18,0,18,1219,89,18,20.26,249,13,617,46
2020-07-31,4636,蛙小辣火锅杯（总账号）,8491999,宝山店,上海,meituan,美团,蛙小辣火锅杯（宝山店）,1853.47,731.42,1074,98,30,1,29,1074,98,29,51.78,637,38,935,69
2020-08-01,6108,拌客（武宁路店）,337460136,拌客干拌麻辣烫(武宁路店),上海,eleme,饿了么,拌客・干拌麻辣烫(武宁路店),3093.24,988.54,3265,247,60,1,59,3265,247,57,98.9,837,44,1757,43
2020-08-01,6108,拌客（武宁路店）,9428110,拌客干拌麻辣烫(武宁路店),上海,meituan,美团,拌客干拌麻辣烫（武宁路店）,2346.3,706.6,1952,166,51,1,50,1952,166,50,19.79,130,10,1377,63
2020-08-01,4636,蛙小辣火锅杯（总账号）,2001104355,宝山店,上海,eleme,饿了么,蛙小辣・美蛙火锅杯麻辣烫(宝山店),1231.55,455.06,1524,114,18,0,18,1524,114,18,32.36,382,20,661,10
2020-08-01,4636,蛙小辣火锅杯（总账号）,8491999,宝山店,上海,meituan,美团,蛙小辣火锅杯（宝山店）,1040.8,390.55,1269,104,19,0,19,1269,104,18,80,823,60,547,49
2020-08-02,6108,拌客（武宁路店）,337460136,拌客干拌麻辣烫(武宁路店),上海,eleme,饿了么,拌客・干拌麻辣烫(武宁路店),2989.62,853.39,3327,241,61,1,60,3327,241,58,98.5,882,45,1802,62
2020-08-02,6108,拌客（武宁路店）,9428110,拌客干拌麻辣烫(武宁路店),上海,meituan,美团,拌客干拌麻辣烫（武宁路店）,2934.5,916.57,2292,175,63,0,63,2292,175,60,100,890,51,1696,87
2020-08-02,4636,蛙小辣火锅杯（总账号）,2001104355,宝山店,上海,eleme,饿了么,蛙小辣・美蛙火锅杯麻辣烫(宝山店),955.18,345.36,1620,93,16,1,15,1620,93,15,35.78,445,22,508,10
2020-08-02,4636,蛙小辣火锅杯（总账号）,8491999,宝山店,上海,meituan,美团,蛙小辣火锅杯（宝山店）,1136.29,407.2,1250,118,21,0,21,1250,118,21,80,753,59,619,37
2020-08-03,6108,拌客（武宁路店）,337460136,拌客干拌麻辣烫(武宁路店),上海,eleme,饿了么,拌客・干拌麻辣烫(武宁路店),3067.38,837.78,2716,193,62,0,62,2716,193,60,99.8,979,48,1908,71
2020-08-03,6108,拌客（武宁路店）,9428110,拌客干拌麻辣烫(武宁路店),上海,meituan,美团,拌客干拌麻辣烫（武宁路店）,2312.94,682.04,4225,183,54,1,53,4225,183,53,100,904,51,1370,90
2020-08-03,4636,蛙小辣火锅杯（总账号）,2001104355,宝山店,上海,eleme,饿了么,蛙小辣・美蛙火锅杯麻辣烫(宝山店),1022.11,362.04,981,63,18,0,18,981,63,17,33.7,327,20,561,16
2020-08-03,4636,蛙小辣火锅杯（总账号）,8491999,宝山店,上海,meituan,美团,蛙小辣火锅杯（宝山店）,1083.77,395.83,1134,96,21,0,21,1134,96,20,66.3,900,50,581,55
2020-08-04,4636,蛙小辣火锅杯（总账号）,2001104355,宝山店,上海,eleme,饿了么,蛙小辣・美蛙火锅杯麻辣烫(宝山店),1167.66,383,999,82,21,0,21,999,82,20,22.77,163,14,667,24
2020-08-04,4636,蛙小辣火锅杯（总账号）,8491999,宝山店,上海,meituan,美团,蛙小辣火锅杯（宝山店）,1617,624.43,1328,123,28,2,26,1328,123,28,80,813,60,828,76
2020-08-05,4636,蛙小辣火锅杯（总账号）,2001104355,宝山店,上海,eleme,饿了么,蛙小辣・美蛙火锅杯麻辣烫(宝山店),877.66,339.59,1000,75,13,0,13,1000,75,13,33.57,403,22,445,10
2020-08-05,4636,蛙小辣火锅杯（总账号）,8491999,宝山店,上海,meituan,美团,蛙小辣火锅杯（宝山店）,1817.37,720.17,1342,109,29,0,29,1342,109,29,80,1018,60,918,87
2020-08-06,4636,蛙小辣火锅杯（总账号）,2001104355,宝山店,上海,eleme,饿了么,蛙小辣・美蛙火锅杯麻辣烫(宝山店),963.34,337.53,799,63,15,0,15,799,63,15,23.56,296,14,534,18
2020-08-06,4636,蛙小辣火锅杯（总账号）,8491999,宝山店,上海,meituan,美团,蛙小辣火锅杯（宝山店）,1105.81,402.85,1345,99,21,2,19,1345,99,19,79.88,885,56,594,56
2020-08-07,4636,蛙小辣火锅杯（总账号）,2001104355,宝山店,上海,eleme,饿了么,蛙小辣・美蛙火锅杯麻辣烫(宝山店),1459.53,486.51,898,79,25,0,25,898,79,25,32.7,303,20,824,32
2020-08-07,4636,蛙小辣火锅杯（总账号）,8491999,宝山店,上海,meituan,美团,蛙小辣火锅杯（宝山店）,1145.82,410.37,1421,109,21,0,21,1421,109,21,63.48,823,42,622,50
2020-08-08,4636,蛙小辣火锅杯（总账号）,2001104355,宝山店,上海,eleme,饿了么,蛙小辣・美蛙火锅杯麻辣烫(宝山店),532.48,193.5,844,43,9,0,9,844,43,9,26.63,356,17,286,4
2020-08-08,4636,蛙小辣火锅杯（总账号）,8491999,宝山店,上海,meituan,美团,蛙小辣火锅杯（宝山店）,841.93,254.05,1597,104,17,0,17,1597,104,17,65.54,842,44,500,78
2020-08-09,4636,蛙小辣火锅杯（总账号）,2001104355,宝山店,上海,eleme,饿了么,蛙小辣・美蛙火锅杯麻辣烫(宝山店),769.03,271.97,1121,79,13,1,12,1121,79,12,51.03,467,31,422,12
2020-08-09,4636,蛙小辣火锅杯（总账号）,8491999,宝山店,上海,meituan,美团,蛙小辣火锅杯（宝山店）,1461.14,506.93,1435,125,27,0,27,1435,125,26,80,732,57,807,78
2020-08-10,4636,蛙小辣火锅杯（总账号）,2001104355,宝山店,上海,eleme,饿了么,蛙小辣・美蛙火锅杯麻辣烫(宝山店),692.55,268.69,1003,64,10,0,10,1003,64,10,18.11,172,11,360,7
2020-08-10,4636,蛙小辣火锅杯（总账号）,8491999,宝山店,上海,meituan,美团,蛙小辣火锅杯（宝山店）,1538.37,499.98,1372,111,30,0,30,1372,111,26,80,782,53,880,59
2020-08-11,4636,蛙小辣火锅杯（总账号）,2001104355,宝山店,上海,eleme,饿了么,蛙小辣・美蛙火锅杯麻辣烫(宝山店),1106.25,503.36,866,58,14,1,13,866,58,12,39.33,371,24,486,10
2020-08-11,4636,蛙小辣火锅杯（总账号）,8491999,宝山店,上海,meituan,美团,蛙小辣火锅杯（宝山店）,1252.93,419.83,1123,97,26,0,26,1123,97,25,80,716,55,700,60
2020-08-12,4636,蛙小辣火锅杯（总账号）,2001104355,宝山店,上海,eleme,饿了么,蛙小辣・美蛙火锅杯麻辣烫(宝山店),872.68,314.57,894,57,16,0,16,894,57,15,44.26,434,25,471,15
2020-08-12,4636,蛙小辣火锅杯（总账号）,8491999,宝山店,上海,meituan,美团,蛙小辣火锅杯（宝山店）,921.86,346.44,1019,92,16,1,15,1019,92,16,66.4,580,44,471,32
2020-08-13,4636,蛙小辣火锅杯（总账号）,2001104355,宝山店,上海,eleme,饿了么,蛙小辣・美蛙火锅杯麻辣烫(宝山店),760.49,286.12,922,56,13,1,12,922,56,13,41.9,483,24,400,7
2020-08-13,4636,蛙小辣火锅杯（总账号）,8491999,宝山店,上海,meituan,美团,蛙小辣火锅杯（宝山店）,1050.44,347.98,1122,87,21,0,21,1122,87,21,58.76,659,41,598,37
2020-08-14,4636,蛙小辣火锅杯（总账号）,2001104355,宝山店,上海,eleme,饿了么,蛙小辣・美蛙火锅杯麻辣烫(宝山店),1210.6,442.92,1020,74,19,0,19,1020,74,19,47.28,552,27,646,7
2020-08-14,4636,蛙小辣火锅杯（总账号）,8491999,宝山店,上海,meituan,美团,蛙小辣火锅杯（宝山店）,1011.71,356.41,1281,94,19,1,18,1281,94,18,66.88,833,48,554,22
2020-08-15,4636,蛙小辣火锅杯（总账号）,2001104355,宝山店,上海,eleme,饿了么,蛙小辣・美蛙火锅杯麻辣烫(宝山店),1389.29,461.15,1258,92,21,0,21,1258,92,21,33.57,297,19,785,76
2020-08-15,4636,蛙小辣火锅杯（总账号）,8491999,宝山店,上海,meituan,美团,蛙小辣火锅杯（宝山店）,1139.35,414.91,1467,109,22,0,22,1467,109,22,76.33,904,53,602,32
2020-08-16,4636,蛙小辣火锅杯（总账号）,2001104355,宝山店,上海,eleme,饿了么,蛙小辣・美蛙火锅杯麻辣烫(宝山店),886,318.78,1257,89,14,0,14,1257,89,13,67.58,650,39,474,35
2020-08-16,4636,蛙小辣火锅杯（总账号）,8491999,宝山店,上海,meituan,美团,蛙小辣火锅杯（宝山店）,1164.02,436.37,1432,100,22,1,21,1432,100,20,47.14,577,34,611,26
2020-08-17,4636,蛙小辣火锅杯（总账号）,2001104355,宝山店,上海,eleme,饿了么,蛙小辣・美蛙火锅杯麻辣烫(宝山店),1116.4,422.43,978,56,17,0,17,978,56,17,35.35,423,21,585,54
2020-08-17,4636,蛙小辣火锅杯（总账号）,8491999,宝山店,上海,meituan,美团,蛙小辣火锅杯（宝山店）,979.64,357.04,1079,90,19,0,19,1079,90,19,77.05,696,53,517,25
2020-08-18,4636,蛙小辣火锅杯（总账号）,2001104355,宝山店,上海,eleme,饿了么,蛙小辣・美蛙火锅杯麻辣烫(宝山店),954.76,318.59,883,58,15,0,15,883,58,15,31.14,362,18,538,45
2020-08-18,4636,蛙小辣火锅杯（总账号）,8491999,宝山店,上海,meituan,美团,蛙小辣火锅杯（宝山店）,923.86,332.63,967,87,17,0,17,967,87,17,60,550,42,494,35
2020-08-19,4636,蛙小辣火锅杯（总账号）,2001104355,宝山店,上海,eleme,饿了么,蛙小辣・美蛙火锅杯麻辣烫(宝山店),1515.71,515.28,960,85,25,0,25,960,85,25,44.25,286,25,856,68
2020-08-19,4636,蛙小辣火锅杯（总账号）,8491999,宝山店,上海,meituan,美团,蛙小辣火锅杯（宝山店）,1072.98,396,1112,108,19,0,19,1112,108,19,80,724,58,566,38
2020-08-20,4636,蛙小辣火锅杯（总账号）,2001104355,宝山店,上海,eleme,饿了么,蛙小辣・美蛙火锅杯麻辣烫(宝山店),881.23,301.77,941,75,14,0,14,941,75,14,45.47,306,26,488,49
2020-08-20,4636,蛙小辣火锅杯（总账号）,8491999,宝山店,上海,meituan,美团,蛙小辣火锅杯（宝山店）,976.94,366.67,1188,86,18,0,18,1188,86,18,62.64,617,47,512,31
2020-08-21,4636,蛙小辣火锅杯（总账号）,2001104355,宝山店,上海,eleme,饿了么,蛙小辣・美蛙火锅杯麻辣烫(宝山店),707.68,213.17,1064,74,13,0,13,1064,74,13,44.7,325,25,422,43
2020-08-21,4636,蛙小辣火锅杯（总账号）,8491999,宝山店,上海,meituan,美团,蛙小辣火锅杯（宝山店）,1411.11,535.53,1056,85,26,1,25,1056,85,26,30.98,324,24,731,52
2020-08-22,4636,蛙小辣火锅杯（总账号）,2001104355,宝山店,上海,eleme,饿了么,蛙小辣・美蛙火锅杯麻辣烫(宝山店),720.95,252.92,1117,70,11,0,11,1117,70,11,36.8,394,21,400,34
2020-08-22,4636,蛙小辣火锅杯（总账号）,8491999,宝山店,上海,meituan,美团,蛙小辣火锅杯（宝山店）,1219.2,440.2,1440,125,24,0,24,1440,125,23,66.13,719,45,651,45
2020-08-23,4636,蛙小辣火锅杯（总账号）,2001104355,宝山店,上海,eleme,饿了么,蛙小辣・美蛙火锅杯麻辣烫(宝山店),661.55,232.3,1102,79,10,0,10,1102,79,10,45.4,375,26,368,20
2020-08-23,4636,蛙小辣火锅杯（总账号）,8491999,宝山店,上海,meituan,美团,蛙小辣火锅杯（宝山店）,1094.55,429.62,1722,134,20,1,19,1722,134,19,80,809,55,549,44
2020-08-24,4636,蛙小辣火锅杯（总账号）,2001104355,宝山店,上海,eleme,饿了么,蛙小辣・美蛙火锅杯麻辣烫(宝山店),622.86,198.89,924,58,11,0,11,924,58,11,29.69,328,17,362,41
2020-08-24,4636,蛙小辣火锅杯（总账号）,8491999,宝山店,上海,meituan,美团,蛙小辣火锅杯（宝山店）,1093.42,396.77,1199,86,20,0,20,1199,86,19,55.02,687,38,577,47
2020-08-25,4636,蛙小辣火锅杯（总账号）,2001104355,宝山店,上海,eleme,饿了么,蛙小辣・美蛙火锅杯麻辣烫(宝山店),710.52,249.2,826,64,11,0,11,826,64,11,28.1,202,16,392,19
2020-08-25,4636,蛙小辣火锅杯（总账号）,8491999,宝山店,上海,meituan,美团,蛙小辣火锅杯（宝山店）,1003.88,361.58,1138,88,19,0,19,1138,88,19,45.74,571,33,540,49
2020-08-26,4636,蛙小辣火锅杯（总账号）,8491999,宝山店,上海,meituan,美团,蛙小辣火锅杯（宝山店）,771.47,268.03,1054,78,15,0,15,1054,78,14,42.84,519,31,428,43
2020-08-27,4636,蛙小辣火锅杯（总账号）,2001104355,宝山店,上海,eleme,饿了么,蛙小辣・美蛙火锅杯麻辣烫(宝山店),1199.8,418.82,1325,119,19,0,19,1325,119,19,49.39,317,29,665,45
2020-08-27,4636,蛙小辣火锅杯（总账号）,8491999,宝山店,上海,meituan,美团,蛙小辣火锅杯（宝山店）,1036.15,397.33,1025,84,19,0,19,1025,84,18,47.74,472,35,534,58
2020-08-28,4636,蛙小辣火锅杯（总账号）,2001104355,宝山店,上海,eleme,饿了么,蛙小辣・美蛙火锅杯麻辣烫(宝山店),2058.86,770.01,2018,151,30,0,30,2018,151,30,49.1,471,28,1088,84
2020-08-28,4636,蛙小辣火锅杯（总账号）,8491999,宝山店,上海,meituan,美团,蛙小辣火锅杯（宝山店）,1343.79,523.92,1108,100,23,1,22,1108,100,22,46.12,522,35,688,70
2020-08-29,4636,蛙小辣火锅杯（总账号）,2001104355,宝山店,上海,eleme,饿了么,蛙小辣・美蛙火锅杯麻辣烫(宝山店),946.64,324.19,1175,85,15,0,15,1175,85,15,38.18,525,22,532,26
2020-08-29,4636,蛙小辣火锅杯（总账号）,8491999,宝山店,上海,meituan,美团,蛙小辣火锅杯（宝山店）,1297.9,499.79,1164,106,24,1,23,1164,106,23,52.55,418,40,663,79
2020-08-30,4636,蛙小辣火锅杯（总账号）,2001104355,宝山店,上海,eleme,饿了么,蛙小辣・美蛙火锅杯麻辣烫(宝山店),768.83,267.46,1004,80,12,0,12,1004,80,12,46.49,504,27,425,27
2020-08-30,4636,蛙小辣火锅杯（总账号）,8491999,宝山店,上海,meituan,美团,蛙小辣火锅杯（宝山店）,660.37,277.15,1302,102,10,0,10,1302,102,9,76.2,840,54,308,20
2020-08-31,4636,蛙小辣火锅杯（总账号）,2001104355,宝山店,上海,eleme,饿了么,蛙小辣・美蛙火锅杯麻辣烫(宝山店),805.97,290.8,834,67,12,0,12,834,67,12,42.4,396,25,444,20
2020-08-31,4636,蛙小辣火锅杯（总账号）,8491999,宝山店,上海,meituan,美团,蛙小辣火锅杯（宝山店）,857.91,356.39,908,72,12,0,12,908,72,11,39.01,391,28,417,22
